Compactness,Major_Axis_Length,Extent,Area,class
0.8207,326.1485,0.7453,56276,0
0.7487,417.1932,0.7151,76631,0
0.6929,435.8328,0.74,71623,0
0.7624,381.5638,0.7396,66458,0
0.7557,383.8883,0.6752,66107,0
0.7522,405.8132,0.7165,73191,0
0.779,392.2516,0.7187,73338,0
0.7067,421.4875,0.6736,69692,0
0.7152,488.1199,0.6188,95727,0
0.7394,413.6504,0.7443,73465,0
0.7431,438.5827,0.7019,83429,0
0.7391,446.2935,0.7457,85461,0
0.6566,459.2091,0.6,71393,0
0.759,420.8842,0.7285,80151,0
0.7304,403.0626,0.7377,68078,0
0.7365,368.7807,0.7124,57934,0
0.7515,371.2713,0.7391,61138,0
0.7323,382.1808,0.6728,61519,0
0.7225,430.7576,0.7692,76073,0
0.7313,368.015,0.7403,56882,0
0.7104,418.2706,0.7469,69350,0
0.6939,466.2324,0.6702,82196,0
0.7884,356.8281,0.7237,62165,0
0.759,435.7355,0.7386,85913,0
0.7216,409.83,0.6526,68683,0
0.7558,369.4055,0.6779,61215,0
0.7572,401.8137,0.6861,72713,0
0.7682,355.8436,0.7156,58684,0
0.7673,359.1674,0.675,59652,0
0.759,443.718,0.7407,89091,0
0.7567,361.2761,0.6746,58701,0
0.7237,405.671,0.6923,67699,0
0.7654,418.3991,0.7381,80555,0
0.7637,387.6093,0.7542,68816,0
0.744,430.9316,0.7537,80729,0
0.7649,384.1239,0.696,67796,0
0.7516,402.0958,0.6765,71730,0
0.7753,387.1938,0.7201,70771,0
0.7972,384.023,0.7169,73611,0
0.6961,458.0375,0.7354,79842,0
0.701,422.2851,0.7514,68822,0
0.7092,440.8537,0.7419,76775,0
0.7202,390.4307,0.6624,62105,0
0.7393,360.5674,0.6303,55811,0
0.797,441.0742,0.7266,97062,0
0.694,431.2931,0.6644,70361,0
0.7977,388.6198,0.7015,75482,0
0.772,380.6642,0.7191,67832,0
0.7943,368.1006,0.6867,67135,0
0.7959,398.656,0.7359,79074,0
0.7734,428.2713,0.694,86164,0
0.7472,392.5092,0.7106,67549,0
0.7766,429.7881,0.7558,87490,0
0.7165,452.2654,0.6277,82468,0
0.7338,462.2198,0.7412,90346,0
0.7222,423.5409,0.7426,73484,0
0.7492,446.5276,0.7095,87906,0
0.721,452.1363,0.7602,83467,0
0.7346,440.7238,0.7467,82324,0
0.7272,461.0047,0.7685,88264,0
0.749,492.4942,0.7391,106862,0
0.7694,386.0202,0.7314,69275,0
0.7518,382.434,0.6994,64922,0
0.7228,464.8264,0.7373,88645,0
0.7359,490.5406,0.7306,102336,0
0.7099,403.9814,0.6531,64604,0
0.7337,410.6743,0.7392,71311,0
0.7483,445.2308,0.7067,87179,0
0.7162,464.3543,0.6679,86869,0
0.6926,452.2426,0.6162,77063,0
0.7005,439.7033,0.7199,74522,0
0.7868,364.3535,0.703,64543,0
0.6972,501.0219,0.7319,95832,0
0.766,385.8641,0.7031,68607,0
0.7513,422.3434,0.6704,79071,0
0.7076,423.9374,0.6568,70673,0
0.6921,429.8407,0.6623,69517,0
0.6924,420.897,0.7126,66702,0
0.7369,430.0428,0.7121,78870,0
0.7008,436.6477,0.7462,73550,0
0.753,397.2996,0.6928,70285,0
0.7289,404.4244,0.7461,68243,0
0.7982,359.8989,0.7619,64811,0
0.7563,477.3742,0.7364,102377,0
0.7025,485.5496,0.7227,91385,0
0.7436,402.12,0.699,70222,0
0.786,420.8492,0.7354,85946,0
0.7676,450.5382,0.7296,93924,0
0.785,395.511,0.7412,75710,0
0.7857,389.0548,0.7564,73382,0
0.7815,449.5173,0.7057,96935,0
0.7355,412.0657,0.6954,72138,0
0.7018,460.8095,0.6391,82132,0
0.7417,420.2904,0.7328,76325,0
0.7622,412.6364,0.6841,77691,0
0.8289,390.5541,0.7279,82306,0
0.7195,405.313,0.737,66789,0
0.7029,454.4632,0.6586,80137,0
0.7601,392.8732,0.7297,70041,0
0.7587,433.7324,0.6958,85039,0
0.7232,489.5147,0.6871,98441,0
0.797,427.7433,0.7115,91282,0
0.7297,418.7888,0.6416,73346,0
0.7146,471.9775,0.7539,89332,0
0.6872,449.795,0.5964,75040,0
0.7308,432.7165,0.6983,78532,0
0.8359,418.7244,0.7516,96211,0
0.7366,430.87,0.6653,79102,0
0.8076,397.4495,0.7258,80920,0
0.7412,389.2751,0.7471,65386,0
0.727,472.8681,0.7131,92816,0
0.7066,476.114,0.6839,88903,0
0.7724,399.9927,0.7352,74959,0
0.7739,357.5699,0.6804,60145,0
0.7349,470.8153,0.7501,94019,0
0.6996,431.6635,0.7259,71623,0
0.7856,376.118,0.6983,68575,0
0.7804,428.9861,0.7283,88037,0
0.732,426.9315,0.7341,76709,0
0.7346,421.5085,0.6739,75307,0
0.7826,411.2506,0.7379,81357,0
0.7626,369.045,0.718,62211,0
0.7335,401.9448,0.7319,68265,0
0.7133,447.8462,0.6395,80150,0
0.7518,429.8897,0.7016,82031,0
0.7675,357.889,0.725,59259,0
0.6767,481.648,0.6899,83446,0
0.7511,426.8265,0.6708,80722,0
0.705,405.1633,0.6974,64073,0
0.7324,398.6842,0.6592,66968,0
0.7181,405.2955,0.7516,66523,0
0.7445,481.9419,0.6526,101124,0
0.7281,436.0194,0.6435,79149,0
0.7518,401.4022,0.7208,71517,0
0.7748,382.1779,0.7225,68860,0
0.7031,475.475,0.751,87776,0
0.7057,485.4328,0.7177,92175,0
0.7633,399.4726,0.6672,73018,0
0.7126,418.073,0.7221,69718,0
0.7839,342.3154,0.7351,56561,0
0.7382,433.3406,0.6576,80375,0
0.7089,412.7968,0.644,67258,0
0.7644,401.8534,0.7378,74104,0
0.7284,442.772,0.6411,81694,0
0.818,345.0958,0.7357,62584,0
0.7647,390.8671,0.7329,70175,0
0.734,475.3285,0.696,95608,0
0.7498,473.7952,0.7203,99115,0
0.7366,412.8169,0.6982,72614,0
0.733,447.58,0.7432,84534,0
0.7257,441.5689,0.7535,80658,0
0.7881,410.7504,0.7325,82306,0
0.7876,402.3104,0.7338,78850,0
0.7894,412.3368,0.7238,83219,0
0.744,394.4112,0.697,67629,0
0.7461,477.4395,0.6881,99655,0
0.7283,477.8186,0.7582,95117,0
0.703,503.9363,0.7102,98565,0
0.7124,394.7356,0.6651,62105,0
0.767,394.1106,0.6877,71757,0
0.7975,380.8485,0.7295,72457,0
0.7611,438.5324,0.7197,87484,0
0.7985,428.3266,0.7189,91865,0
0.7216,431.7982,0.7093,76259,0
0.7566,395.4998,0.7509,70334,0
0.7454,398.5365,0.6751,69309,0
0.7672,457.7499,0.7021,96856,0
0.7783,474.7988,0.7399,107244,0
0.7125,442.9966,0.7479,78250,0
0.7493,422.1389,0.6673,78571,0
0.729,442.0139,0.626,81547,0
0.7122,485.719,0.6118,93985,0
0.7853,401.9451,0.7214,78244,0
0.7235,420.4868,0.728,72684,0
0.7283,409.4711,0.6654,69852,0
0.7249,466.9481,0.7075,89976,0
0.762,391.8565,0.7276,70023,0
0.7392,417.3302,0.7228,74744,0
0.7499,424.1414,0.7564,79451,0
0.7464,473.5252,0.6814,98111,0
0.708,414.3306,0.6701,67582,0
0.737,415.1832,0.6581,73537,0
0.7467,402.991,0.6686,71109,0
0.7325,439.6717,0.7376,81463,0
0.7248,466.5271,0.7496,89806,0
0.7139,402.3724,0.6382,64809,0
0.7444,411.486,0.7208,73692,0
0.63,538.0211,0.5071,90239,0
0.7465,419.0763,0.7434,76863,0
0.7379,472.5344,0.7387,95497,0
0.7697,373.5265,0.7403,64916,0
0.6982,423.7982,0.6664,68772,0
0.7087,441.4888,0.6414,76888,0
0.678,483.522,0.5891,84397,0
0.7314,404.3318,0.7393,68693,0
0.8353,353.3552,0.736,68426,0
0.7518,404.1488,0.6619,72508,0
0.7719,429.1133,0.7435,86168,0
0.7912,436.6288,0.7355,93734,0
0.7229,446.1777,0.6719,81702,0
0.7551,389.1961,0.6802,67828,0
0.7171,418.0043,0.7094,70565,0
0.7189,491.1406,0.7756,97902,0
0.7461,366.4001,0.7224,58698,0
0.7864,391.779,0.7258,74559,0
0.7419,439.893,0.6868,83655,0
0.7622,476.6714,0.6783,103683,0
0.7508,445.6384,0.7415,87913,0
0.798,371.6018,0.7436,69069,0
0.7121,430.5646,0.7265,73827,0
0.7738,450.7725,0.7381,95554,0
0.767,376.7856,0.7633,65593,0
0.7959,418.2299,0.7035,87034,0
0.7096,451.0502,0.7466,80452,0
0.7445,405.569,0.6897,71614,0
0.7732,451.5354,0.7203,95740,0
0.7464,391.0035,0.7111,66900,0
0.733,474.3818,0.7243,94954,0
0.726,489.2759,0.6959,99109,0
0.7372,437.1296,0.6551,81555,0
0.7986,357.6842,0.7408,64088,0
0.7767,374.0703,0.7374,66300,0
0.7142,433.8408,0.6168,75406,0
0.7587,427.4416,0.7493,82602,0
0.7377,469.3919,0.6757,94164,0
0.7199,475.976,0.6559,92224,0
0.5884,614.8959,0.7472,102803,0
0.774,423.9317,0.6913,84554,0
0.6968,530.2599,0.7027,107230,0
0.7781,350.299,0.6359,58347,0
0.7803,404.3107,0.7172,78173,0
0.6878,464.6505,0.7025,80206,0
0.7504,381.2829,0.6737,64292,0
0.7135,414.1802,0.6175,68588,0
0.6997,452.0596,0.7059,78586,0
0.7462,420.2079,0.7567,77223,0
0.7404,461.5008,0.6633,91710,0
0.7138,413.0075,0.707,68256,0
0.7472,393.7953,0.7425,67991,0
0.7454,463.5269,0.7284,93769,0
0.7804,432.3557,0.7457,89404,0
0.6714,491.6035,0.6871,85569,0
0.7499,470.956,0.7247,97951,0
0.7206,401.4937,0.7324,65744,0
0.7347,389.6264,0.6445,64356,0
0.6964,417.8968,0.6742,66511,0
0.7412,438.9682,0.6906,83148,0
0.7331,502.5752,0.6764,106610,0
0.6937,511.9447,0.6015,99057,0
0.7167,472.6102,0.7378,90115,0
0.8158,362.656,0.7502,68743,0
0.711,486.5058,0.6997,93982,0
0.7653,364.6161,0.7313,61151,0
0.7523,465.6498,0.7441,96389,0
0.7692,389.9238,0.7399,70661,0
0.7604,478.2383,0.7367,103877,0
0.7865,411.4267,0.7428,82245,0
0.7186,462.6391,0.69,86817,0
0.7144,429.1019,0.7493,73804,0
0.7531,443.9409,0.75,87798,0
0.7439,402.9124,0.7396,70560,0
0.7636,457.9938,0.7396,96056,0
0.7022,441.7813,0.7582,75580,0
0.7919,463.7643,0.7699,105937,0
0.7655,355.2475,0.7272,58083,0
0.7454,403.9959,0.7564,71221,0
0.7458,389.113,0.6789,66148,0
0.6737,484.7603,0.6772,83762,0
0.7653,426.2496,0.7064,83568,0
0.8028,364.6112,0.7249,67292,0
0.7603,429.2619,0.728,83667,0
0.8093,431.1888,0.7437,95640,0
0.7865,427.3974,0.7155,88746,0
0.788,366.5976,0.6933,65545,0
0.743,374.7772,0.6683,60897,0
0.7098,427.1945,0.6363,72207,0
0.7703,399.1821,0.7416,74251,0
0.706,441.9541,0.7438,76461,0
0.7406,476.5714,0.7037,97849,0
0.7723,433.786,0.7409,88144,0
0.7659,425.491,0.7057,83418,0
0.7041,444.2218,0.6115,76833,0
0.746,461.3713,0.7036,93040,0
0.7572,408.8475,0.6939,75275,0
0.7759,442.2674,0.735,92478,0
0.7329,460.9889,0.6878,89661,0
0.7514,402.3638,0.7488,71792,0
0.7673,407.9159,0.7445,76934,0
0.694,453.8754,0.7115,77916,0
0.7157,419.7653,0.7445,70878,0
0.7242,467.6129,0.6978,90072,0
0.7292,479.5474,0.7332,96035,0
0.717,415.3868,0.6843,69671,0
0.7123,444.2062,0.6356,78626,0
0.7583,387.4253,0.7298,67781,0
0.7514,408.2996,0.7538,73917,0
0.7198,413.306,0.7593,69520,0
0.7391,456.4168,0.7293,89376,0
0.7122,439.9429,0.745,77103,0
0.751,407.6386,0.6771,73600,0
0.6824,465.2679,0.6828,79175,0
0.7564,374.2026,0.7566,62922,0
0.7499,413.9199,0.7255,75667,0
0.8491,405.6369,0.7755,93178,0
0.6818,453.497,0.6135,75094,0
0.7628,422.1394,0.6962,81442,0
0.7577,438.6087,0.7313,86749,0
0.7414,423.1511,0.6564,77291,0
0.7443,387.4832,0.6759,65321,0
0.7357,422.841,0.7236,75998,0
0.714,455.1978,0.7019,82957,0
0.7737,410.1806,0.7036,79101,0
0.7263,397.3311,0.6569,65407,0
0.7449,384.9825,0.6804,64587,0
0.7414,449.8483,0.7292,87355,0
0.7233,407.3614,0.7332,68177,0
0.7944,383.8573,0.7199,73040,0
0.7679,403.3483,0.7519,75355,0
0.7079,422.1215,0.6162,70129,0
0.7289,448.6445,0.6689,83987,0
0.7257,453.3595,0.6954,85020,0
0.7093,424.0874,0.7617,71069,0
0.7537,455.4368,0.7125,92549,0
0.8164,402.3109,0.7448,84726,0
0.6851,443.2489,0.7523,72430,0
0.6928,427.2525,0.7786,68805,0
0.7439,430.1269,0.7502,80417,0
0.7301,441.5831,0.6542,81646,0
0.763,374.1578,0.7444,64005,0
0.7107,435.491,0.6804,75226,0
0.7825,436.7575,0.7342,91739,0
0.7329,394.7692,0.6483,65739,0
0.7492,458.9213,0.7629,92851,0
0.7298,440.9811,0.6485,81348,0
0.7718,396.1797,0.735,73428,0
0.8022,366.0779,0.7286,67736,0
0.7503,383.8197,0.7327,65139,0
0.7346,477.3562,0.653,96587,0
0.7575,366.508,0.7305,60544,0
0.7449,442.4876,0.6702,85332,0
0.7519,376.2576,0.6808,62862,0
0.7893,349.2239,0.7221,59680,0
0.7722,435.2677,0.7258,88735,0
0.7548,394.7811,0.7585,69735,0
0.7286,389.3228,0.6888,63196,0
0.8029,422.2613,0.7181,90274,0
0.7574,435.6517,0.7446,85506,0
0.7558,464.0005,0.7444,96580,0
0.7504,396.6914,0.663,69598,0
0.7443,432.6654,0.6977,81458,0
0.7113,469.6673,0.6925,87646,0
0.7675,414.3993,0.7075,79453,0
0.7053,489.0691,0.6987,93462,0
0.7064,425.0707,0.7286,70804,0
0.7463,429.9383,0.684,80857,0
0.7134,422.7619,0.6405,71451,0
0.8114,391.1249,0.749,79094,0
0.816,329.9696,0.7109,56944,0
0.6512,533.1532,0.7389,94685,0
0.7627,399.4543,0.6915,72908,0
0.751,395.2678,0.7337,69209,0
0.6989,445.1326,0.7508,76009,0
0.746,441.5856,0.7038,85234,0
0.7837,390.5446,0.7499,73570,0
0.7283,415.534,0.6978,71929,0
0.7489,439.883,0.7211,85227,0
0.6891,486.0166,0.722,88100,0
0.722,493.4253,0.6362,99691,0
0.6862,427.9402,0.6422,67728,0
0.7403,415.7672,0.6612,74399,0
0.7194,450.4995,0.7427,82501,0
0.7374,454.5878,0.643,88264,0
0.8127,334.1895,0.7232,57933,0
0.7575,432.3185,0.6747,84227,0
0.7994,355.4745,0.7445,63415,0
0.7291,421.2427,0.6373,74091,0
0.7677,443.1161,0.7139,90880,0
0.7823,469.2956,0.7311,105853,0
0.7127,447.6662,0.7373,79959,0
0.7831,447.5833,0.7349,96500,0
0.7776,407.9096,0.722,79015,0
0.7154,441.6902,0.7113,78423,0
0.8377,378.7703,0.7801,79066,0
0.7835,347.5851,0.718,58242,0
0.7207,455.7148,0.7421,84726,0
0.7385,426.5796,0.6677,77944,0
0.7082,470.0361,0.7623,87034,0
0.7097,470.9619,0.7415,87735,0
0.7584,364.1592,0.753,59905,0
0.7851,343.189,0.6875,57012,0
0.7716,429.9511,0.7385,86429,0
0.7455,468.372,0.7322,95746,0
0.7296,473.8017,0.664,93850,0
0.7537,436.4484,0.7147,84985,0
0.7442,382.7031,0.6592,63711,0
0.7492,380.6654,0.7402,63873,0
0.732,461.9005,0.7275,89789,0
0.7145,415.7028,0.6516,69296,0
0.7594,422.6966,0.715,80926,0
0.7102,427.3863,0.6331,72365,0
0.7157,418.0061,0.6469,70303,0
0.7314,424.6478,0.6735,75768,0
0.7193,429.5682,0.6791,74979,0
0.7017,456.96,0.6942,80741,0
0.7676,347.4268,0.7083,55858,0
0.7837,419.5984,0.7147,84922,0
0.7496,442.4914,0.6898,86416,0
0.7335,410.6162,0.7013,71247,0
0.6914,456.7791,0.7283,78327,0
0.7137,455.1352,0.7301,82864,0
0.7272,400.8477,0.7201,66728,0
0.7435,439.5214,0.6668,83862,0
0.7265,425.9047,0.7417,75197,0
0.7434,408.1583,0.6656,72307,0
0.7552,353.1879,0.6792,55879,0
0.7776,378.0646,0.7413,67879,0
0.7211,437.9891,0.7448,78351,0
0.7668,398.0622,0.6897,73178,0
0.7743,390.4901,0.7201,71802,0
0.7457,457.4622,0.7187,91385,0
0.6499,505.6155,0.5465,84810,0
0.7445,444.88,0.6673,86159,0
0.7323,410.0354,0.716,70809,0
0.7821,456.8741,0.7079,100266,0
0.7787,397.2112,0.7404,75143,0
0.785,351.2843,0.7135,59729,0
0.7347,389.2851,0.7335,64253,0
0.7853,423.9326,0.7154,87044,0
0.7377,420.1831,0.6545,75453,0
0.7253,418.4959,0.6399,72370,0
0.7983,420.8444,0.713,88653,0
0.7525,454.0266,0.7159,91690,0
0.7548,467.8307,0.6757,97938,0
0.75,484.0384,0.6862,103519,0
0.7451,439.8464,0.7289,84348,0
0.735,393.2899,0.7567,65624,0
0.7002,517.1858,0.6066,102990,0
0.7278,438.9092,0.6956,80153,0
0.7376,412.7664,0.6741,72800,0
0.7079,485.3214,0.7466,92713,0
0.6938,443.5495,0.7153,74371,0
0.7264,422.672,0.7244,74028,0
0.7299,419.0216,0.7423,73470,0
0.7623,399.5462,0.7046,72864,0
0.7692,460.7255,0.7212,98628,0
0.7044,400.6863,0.6115,62557,0
0.7942,393.8825,0.7518,76848,0
0.7559,422.7077,0.7315,80184,0
0.7171,422.1195,0.7131,71962,0
0.7465,456.3653,0.6796,91158,0
0.793,385.1922,0.7388,73288,0
0.7694,356.5915,0.726,59113,0
0.7239,468.9082,0.7195,90489,0
0.7356,454.6367,0.7319,87843,0
0.7267,480.4405,0.6826,95725,0
0.7183,441.6971,0.6296,79055,0
0.7364,443.0737,0.694,83607,0
0.7227,425.3621,0.7426,74217,0
0.6977,469.0068,0.721,84099,0
0.6997,440.8381,0.7234,74717,0
0.6889,440.8155,0.7269,72433,0
0.7389,388.4194,0.6945,64691,0
0.7427,402.984,0.7653,70357,0
0.6718,446.422,0.5765,70648,0
0.7687,467.8848,0.7538,101604,0
0.8247,392.3595,0.748,82225,0
0.7498,452.3181,0.6711,90332,0
0.7844,400.9049,0.7328,77669,0
0.7638,424.8677,0.7393,82714,0
0.7683,441.8533,0.702,90502,0
0.7381,475.0486,0.6654,96554,0
0.7391,388.9481,0.7344,64911,0
0.7493,391.7248,0.7481,67668,0
0.7372,401.2474,0.6857,68713,0
0.7077,484.2714,0.6955,92239,0
0.7607,387.1017,0.7431,68104,0
0.703,439.5231,0.6735,74990,0
0.7195,449.4076,0.7631,82106,0
0.7115,481.6156,0.702,92227,0
0.7011,472.9563,0.7207,86344,0
0.7541,436.0889,0.6729,84930,0
0.6761,485.3229,0.7316,84565,0
0.7782,406.187,0.7021,78479,0
0.7658,405.7418,0.729,75821,0
0.7073,408.5607,0.6633,65594,0
0.7485,388.0023,0.6813,66242,0
0.8149,355.6746,0.744,65981,0
0.7995,379.7803,0.7514,72410,0
0.7964,422.0802,0.7334,88750,0
0.7773,346.6923,0.7147,57041,0
0.7345,453.3588,0.7198,87086,0
0.7794,391.2823,0.7315,73040,0
0.7199,423.9322,0.6218,73152,0
0.7737,383.5814,0.724,69181,0
0.7368,403.8535,0.709,69547,0
0.7842,397.6275,0.6886,76356,0
0.7654,393.348,0.681,71191,0
0.7194,389.2343,0.6249,61589,0
0.7194,488.0411,0.6758,96802,0
0.7487,426.8217,0.7297,80207,0
0.7171,444.1217,0.7094,79661,0
0.7612,434.1433,0.6642,85778,0
0.7111,479.1129,0.6405,91162,0
0.7316,447.3685,0.7539,84130,0
0.7447,405.0498,0.7124,71468,0
0.6905,479.1606,0.7495,85968,0
0.7356,420.5042,0.6503,75155,0
0.7375,448.2873,0.6854,85845,0
0.7068,512.6586,0.6457,103124,0
0.7465,434.9627,0.6944,82804,0
0.7451,485.8772,0.6668,102947,0
0.7353,413.2742,0.6903,72519,0
0.7536,450.5074,0.7492,90535,0
0.8049,405.1468,0.761,83512,0
0.7598,438.4773,0.7317,87169,0
0.7581,410.0357,0.7507,75885,0
0.7979,416.7871,0.7148,86861,0
0.7461,468.41,0.7389,95914,0
0.7516,407.465,0.6834,73662,0
0.781,396.5665,0.7423,75340,0
0.7241,416.1416,0.7258,71306,0
0.7479,422.0653,0.6689,78249,0
0.7523,438.2698,0.7093,85386,0
0.7028,458.4715,0.769,81531,0
0.706,452.3831,0.6118,80105,0
0.7105,398.9717,0.6982,63117,0
0.7322,424.3345,0.6445,75824,0
0.7153,454.3305,0.6897,82959,0
0.7107,422.9132,0.6304,70952,0
0.7247,416.378,0.7139,71503,0
0.6929,510.2399,0.6241,98177,0
0.7569,445.7125,0.6795,89393,0
0.7057,505.2826,0.7317,99852,0
0.7397,464.0699,0.7325,92541,0
0.7368,410.1917,0.7445,71747,0
0.7828,371.4689,0.7156,66407,0
0.7134,436.158,0.7068,76030,0
0.6801,454.7031,0.7586,75106,0
0.7193,405.1613,0.7179,66709,0
0.7683,381.756,0.7385,67568,0
0.6988,415.459,0.6375,66198,0
0.7476,387.2009,0.6548,65804,0
0.7632,392.7862,0.6793,70573,0
0.7544,408.087,0.6733,74431,0
0.7283,477.5088,0.7302,94983,0
0.7475,442.4507,0.7253,85899,0
0.7737,400.8564,0.7054,75537,0
0.7374,396.569,0.7459,67164,0
0.7381,432.0034,0.744,79843,0
0.7641,392.4988,0.7322,70636,0
0.7342,409.6003,0.7108,71039,0
0.74,466.5363,0.6723,93623,0
0.7108,444.5431,0.717,78407,0
0.7136,409.7415,0.677,67146,0
0.7295,408.7731,0.64,69843,0
0.7196,414.5119,0.6334,69874,0
0.7389,455.4718,0.7439,88968,0
0.7155,417.4645,0.6325,70074,0
0.7052,429.3661,0.6383,72007,0
0.7486,417.3221,0.7342,76663,0
0.7504,403.8373,0.7445,72119,0
0.7322,424.7328,0.7621,75967,0
0.7241,387.6402,0.7289,61873,0
0.6874,434.2594,0.6912,69992,0
0.6986,484.5063,0.6071,89971,0
0.7372,406.2796,0.6972,70452,0
0.7577,431.2462,0.7117,83848,0
0.7234,387.5365,0.7553,61726,0
0.7121,476.4243,0.6248,90393,0
0.6843,485.0309,0.6964,86521,0
0.802,413.2415,0.7407,86271,0
0.7264,414.9604,0.6529,71362,0
0.7342,433.5245,0.7274,79564,0
0.7028,452.8789,0.7376,79558,0
0.7755,376.4136,0.7121,66922,0
0.727,395.6425,0.7153,64970,0
0.7533,361.4551,0.6884,58234,0
0.8309,348.0645,0.693,65694,0
0.7423,432.0108,0.6636,80760,0
0.765,380.9275,0.7302,66692,0
0.7427,429.4565,0.6869,79906,0
0.7688,387.5061,0.7647,69701,0
0.7967,367.0278,0.7756,67155,0
0.7712,428.6831,0.7468,85833,0
0.7666,470.3148,0.7005,102083,0
0.6817,425.5992,0.6922,66104,0
0.7636,357.5607,0.6839,58555,0
0.72,447.6351,0.7428,81583,0
0.7847,403.3284,0.7477,78665,0
0.7864,425.8628,0.7441,88078,0
0.7243,409.9227,0.7276,69230,0
0.6749,482.5423,0.7217,83307,0
0.7421,440.2412,0.6637,83831,0
0.7764,468.9325,0.705,104098,0
0.7944,384.3956,0.7141,73241,0
0.775,389.4194,0.7249,71533,0
0.6949,450.0162,0.747,76809,0
0.7702,390.9275,0.6939,71193,0
0.7388,467.2541,0.7235,93586,0
0.6852,450.2176,0.7742,74735,0
0.7056,439.4406,0.6364,75519,0
0.7639,378.4164,0.7476,65627,0
0.7294,438.6483,0.6895,80397,0
0.7718,435.9188,0.7272,88901,0
0.7232,485.8869,0.7138,96992,0
0.7823,372.6831,0.7326,66755,0
0.7931,373.5179,0.7313,68916,0
0.676,475.3533,0.5881,81094,0
0.7539,373.0999,0.7473,62146,0
0.7115,424.3977,0.6183,71614,0
0.7235,405.0178,0.6643,67437,0
0.7937,395.1349,0.7343,77240,0
0.7421,385.7231,0.7272,64346,0
0.7459,411.1656,0.7506,73864,0
0.7268,418.1253,0.6394,72540,0
0.7317,448.2374,0.7272,84484,0
0.7416,442.5786,0.6707,84614,0
0.7607,387.2451,0.6553,68156,0
0.7264,401.4706,0.7465,66790,0
0.8256,356.6101,0.7391,68076,0
0.7727,368.403,0.7504,63644,0
0.7393,499.1699,0.7313,106959,0
0.711,423.9298,0.7118,71362,0
0.7416,378.1497,0.6687,61771,0
0.7066,487.4302,0.7293,93169,0
0.7453,490.9413,0.6976,105158,0
0.7639,440.0256,0.7262,88750,0
0.7618,367.6871,0.753,61627,0
0.7806,375.0199,0.6897,67306,0
0.7112,431.518,0.6127,73972,0
0.7477,385.8947,0.7463,65388,0
0.7019,398.9668,0.6486,61584,0
0.8468,371.9293,0.7455,77905,0
0.7274,444.589,0.7324,82133,0
0.781,445.366,0.6947,95029,0
0.7895,399.5385,0.7417,78148,0
0.7958,455.1749,0.7566,103042,0
0.7644,386.3475,0.7349,68506,0
0.7176,460.0186,0.7231,85592,0
0.763,398.5861,0.7424,72637,0
0.746,417.1863,0.7133,76078,0
0.7583,436.3853,0.7278,86012,0
0.7264,440.6685,0.6674,80481,0
0.7638,433.9604,0.7248,86298,0
0.7435,426.057,0.7543,78819,0
0.7612,427.6975,0.75,83237,0
0.7175,427.9002,0.662,74041,0
0.7723,395.4755,0.7799,73257,0
0.7043,459.9338,0.6344,82405,0
0.7666,389.6974,0.6869,70087,0
0.7534,407.3151,0.7264,73959,0
0.7499,417.3471,0.6703,76930,0
0.7408,417.4273,0.6705,75110,0
0.8665,342.3836,0.7391,69132,0
0.782,384.2029,0.7182,70905,0
0.6782,513.2519,0.7451,95150,0
0.7303,414.9175,0.6819,72109,0
0.7357,390.7908,0.6486,64916,0
0.7297,446.3463,0.6441,83314,0
0.7723,453.4745,0.7393,96327,0
0.7649,382.8355,0.6984,67355,0
0.7358,403.6807,0.7112,69297,0
0.7268,501.9452,0.7189,104535,0
0.7437,436.5554,0.6954,82798,0
0.736,424.9793,0.6582,76840,0
0.7681,388.4735,0.7286,69924,0
0.7139,413.0049,0.7134,68275,0
0.7623,371.5589,0.7301,63011,0
0.7968,415.7849,0.7305,86209,0
0.682,453.2528,0.7464,75039,0
0.7097,415.3918,0.6296,68249,0
0.7258,427.7998,0.7441,75716,0
0.7454,438.4762,0.6836,83911,0
0.777,371.1606,0.7614,65317,0
0.6823,406.4673,0.733,60409,0
0.7323,393.1779,0.7325,65102,0
0.8085,383.842,0.7518,75648,0
0.7361,372.017,0.6779,58889,0
0.7488,480.9564,0.68,101872,0
0.7359,411.1628,0.6479,71905,0
0.7113,471.6906,0.7394,88424,0
0.7432,487.191,0.668,102978,0
0.7372,406.3263,0.7154,70464,0
0.7322,485.8489,0.6394,99386,0
0.7512,409.5914,0.7071,74353,0
0.7566,401.7252,0.7393,72566,0
0.792,366.4961,0.6892,66174,0
0.6836,462.3931,0.593,78483,0
0.8051,393.6267,0.7368,78888,0
0.7447,399.3289,0.7607,69453,0
0.7429,395.9871,0.7404,67969,0
0.7314,441.5179,0.7181,81893,0
0.7124,439.6744,0.6283,77054,0
0.6836,511.9081,0.7461,96178,0
0.7435,406.5734,0.7173,71768,0
0.7555,425.0978,0.6917,81013,0
0.7432,463.7824,0.7249,93313,0
0.7677,404.6336,0.7306,75795,0
0.7284,419.7002,0.6482,73412,0
0.7165,414.1029,0.6969,69144,0
0.7613,390.96,0.6752,69573,0
0.8126,355.0603,0.7443,65375,0
0.7346,393.3192,0.7296,65563,0
0.7327,452.934,0.7243,86505,0
0.7251,426.052,0.678,74948,0
0.6956,493.4909,0.6114,92547,0
0.7475,408.789,0.7165,73326,0
0.7692,448.7731,0.7353,93586,0
0.7751,394.8918,0.7485,73586,0
0.8117,385.1215,0.7273,76753,0
0.7511,384.7373,0.7404,65594,0
0.774,406.273,0.7338,77658,0
0.6945,491.3347,0.6791,91455,0
0.7477,433.2877,0.7254,82425,0
0.7299,395.3958,0.6673,65422,0
0.7536,392.3675,0.7304,68663,0
0.6965,456.5852,0.7459,79424,0
0.7414,400.8691,0.712,69375,0
0.7407,431.7003,0.7326,80306,0
0.7793,402.6828,0.72,77348,0
0.7118,444.4781,0.6945,78607,0
0.7388,421.7171,0.7276,76249,0
0.745,448.2531,0.7433,87599,0
0.7113,488.8275,0.7417,94940,0
0.7719,380.5024,0.7306,67761,0
0.749,390.5428,0.701,67203,0
0.7102,452.0542,0.7506,80955,0
0.7201,448.9059,0.7152,82069,0
0.7204,428.891,0.7118,74986,0
0.7778,388.0756,0.7027,71563,0
0.715,460.6199,0.6508,85196,0
0.7738,435.4343,0.7302,89165,0
0.8106,388.7629,0.734,77994,0
0.7042,472.9678,0.7377,87120,0
0.6992,447.6323,0.7649,76931,0
0.7398,443.8617,0.6605,84697,0
0.6915,456.0179,0.6639,78088,0
0.71,414.452,0.729,68012,0
0.7182,456.0281,0.752,84259,0
0.8027,359.5264,0.7266,65411,0
0.7333,394.6054,0.6993,65765,0
0.775,431.1216,0.7205,87681,0
0.7891,448.3096,0.7346,98296,0
0.693,459.8052,0.6748,79754,0
0.76,465.8918,0.7265,98457,0
0.6955,454.565,0.7085,78511,0
0.7711,384.5763,0.7189,69070,0
0.7539,428.6908,0.7276,82029,0
0.6885,447.5146,0.6968,74565,0
0.7314,406.6001,0.7428,69452,0
0.6959,429.9598,0.738,70305,0
0.7292,479.3655,0.6899,95964,0
0.6736,481.4847,0.7565,82618,0
0.7134,396.7096,0.664,62908,0
0.7497,408.9587,0.6502,73830,0
0.7717,371.5194,0.7197,64557,0
0.7401,437.4098,0.7462,82316,0
0.7308,417.8197,0.6679,73223,0
0.7219,386.9175,0.7284,61280,0
0.7463,388.6784,0.7251,66086,0
0.7182,463.6087,0.7202,87080,0
0.6962,446.7831,0.7109,75985,0
0.7307,399.247,0.75,66846,0
0.7383,454.1398,0.6691,88283,0
0.7782,393.978,0.7062,73832,0
0.7383,406.0595,0.662,70595,0
0.7104,388.3111,0.7221,59768,0
0.7211,399.9118,0.6542,65320,0
0.71,462.2931,0.6839,84611,0
0.8079,354.4452,0.7124,64399,0
0.7592,369.5451,0.7596,61828,0
0.7816,365.887,0.7308,64236,0
0.7446,398.421,0.6819,69119,0
0.7647,382.9289,0.7141,67342,0
0.7927,380.7039,0.7183,71531,0
0.7221,444.1511,0.7352,80791,0
0.7408,375.9761,0.7122,60925,0
0.7292,383.964,0.7029,61567,0
0.7614,385.5023,0.6995,67658,0
0.7249,415.7296,0.6928,71327,0
0.754,423.2968,0.699,80009,0
0.7294,437.5165,0.74,79991,0
0.71,420.9797,0.6985,70162,0
0.7073,438.036,0.702,75398,0
0.8213,345.6927,0.7439,63314,0
0.7734,415.7956,0.7329,81221,0
0.7097,482.777,0.738,92201,0
0.6988,438.5435,0.5919,73755,0
0.7093,412.364,0.7565,67193,0
0.7471,419.2447,0.725,77047,0
0.7398,422.3134,0.733,76657,0
0.728,448.6629,0.7438,83801,0
0.7688,461.9252,0.7201,99043,0
0.7076,430.2164,0.7068,72777,0
0.7516,383.3479,0.6678,65204,0
0.7497,453.1485,0.7505,90643,0
0.7717,384.2489,0.7316,69052,0
0.6683,430.1199,0.6375,64896,0
0.7704,418.4185,0.7512,81601,0
0.7613,393.8305,0.6798,70609,0
0.785,448.6889,0.7601,97447,0
0.7512,463.3702,0.7058,95173,0
0.728,489.7905,0.7413,99850,0
0.7349,407.4909,0.673,70434,0
0.7536,453.4358,0.7035,91706,0
0.739,407.4551,0.6986,71200,0
0.7549,385.9904,0.6488,66682,0
0.715,450.3157,0.7337,81425,0
0.6901,475.0915,0.6709,84429,0
0.7523,391.0707,0.73,67985,0
0.6946,428.1699,0.6425,69474,0
0.7329,381.3343,0.7146,61352,0
0.7298,472.1801,0.6416,93270,0
0.7104,451.4109,0.713,80759,0
0.6927,481.3909,0.6333,87336,0
0.7216,459.2949,0.7476,86264,0
0.7054,427.3409,0.7279,71368,0
0.7934,419.6184,0.7383,87049,0
0.7008,387.4814,0.7104,57907,0
0.748,407.273,0.669,72882,0
0.664,479.8095,0.6176,79709,0
0.7998,368.6867,0.7212,68292,0
0.7901,360.8383,0.7165,63837,0
0.7756,366.547,0.7014,63474,0
0.7303,443.3275,0.693,82330,0
0.6765,463.1967,0.5959,77120,0
0.6923,440.1881,0.6008,72940,0
0.7763,345.5949,0.7129,56533,0
0.6739,448.5794,0.7671,71777,0
0.7167,433.0295,0.7441,75655,0
0.7815,401.5085,0.7447,77320,0
0.7774,359.456,0.7475,61326,0
0.7378,412.9929,0.7392,72923,0
0.7979,356.6971,0.744,63618,0
0.7637,391.4948,0.6915,70217,0
0.6959,434.2415,0.758,71711,0
0.7176,393.6302,0.7223,62673,0
0.7077,450.5526,0.6775,79861,0
0.7287,446.3243,0.7143,83083,0
0.6901,423.7104,0.717,67157,0
0.7805,446.7743,0.7724,95508,0
0.6984,520.5364,0.7618,103786,0
0.7837,444.1425,0.7481,95145,0
0.7511,402.5217,0.696,71795,0
0.7165,463.0833,0.6824,86455,0
0.7227,402.0054,0.7473,66301,0
0.7355,409.9341,0.6511,71390,0
0.7026,422.238,0.6537,69113,0
0.8049,423.0971,0.7408,91077,0
0.8126,384.2641,0.7067,76581,0
0.7137,418.6039,0.665,70110,0
0.7625,380.7586,0.7465,66208,0
0.7037,455.0444,0.6172,80529,0
0.7255,397.9589,0.6746,65468,0
0.7763,451.5167,0.6923,96484,0
0.7213,494.8013,0.6674,100049,0
0.7572,398.0117,0.726,71333,0
0.7289,398.9478,0.6845,66415,0
0.7628,378.0683,0.6706,65313,0
0.7231,436.9498,0.6851,78415,0
0.7021,451.0389,0.7445,78759,0
0.7186,416.275,0.7193,70285,0
0.7801,362.4166,0.7523,62781,0
0.6873,486.2567,0.7249,87714,0
0.7388,465.6502,0.742,92954,0
0.735,457.069,0.7403,88634,0
0.7743,462.001,0.7302,100505,0
0.7428,474.1279,0.72,97403,0
0.7268,421.5552,0.6562,73723,0
0.7222,403.2218,0.7037,66612,0
0.7501,396.2666,0.7414,69397,0
0.715,427.431,0.6254,73351,0
0.7172,410.4732,0.6511,68063,0
0.691,503.9269,0.7266,95230,0
0.7616,369.5236,0.7432,62205,0
0.7619,379.0583,0.7536,65517,0
0.7119,476.7964,0.6326,90491,0
0.7154,451.6287,0.7242,81995,0
0.7325,398.3239,0.6531,66863,0
0.8095,403.3418,0.7482,83725,0
0.7014,426.7972,0.7189,70388,0
0.7224,415.8783,0.668,70892,0
0.6955,515.5599,0.6899,100980,0
0.6792,467.1289,0.7313,79049,0
0.7434,432.5995,0.693,81238,0
0.7073,431.491,0.7513,73145,0
0.7438,396.5549,0.7423,68331,0
0.7475,393.5478,0.7424,67961,0
0.6871,446.729,0.7459,73987,0
0.7704,388.0909,0.7047,70215,0
0.7227,402.3465,0.7035,66409,0
0.7161,401.2946,0.6373,64858,0
0.7619,438.6437,0.7262,87725,0
0.6824,488.4123,0.7404,87254,0
0.7524,415.4005,0.7162,76723,0
0.7017,423.6297,0.7015,69395,0
0.7597,455.8739,0.7448,94199,0
0.788,399.3788,0.7295,77786,0
0.7915,412.6351,0.6958,83773,0
0.7335,398.1767,0.7417,66987,0
0.7574,394.5982,0.6864,70151,0
0.7948,461.5564,0.7302,105706,0
0.7208,457.649,0.7502,85453,0
0.745,448.6355,0.67,87747,0
0.8209,417.3311,0.7461,92179,0
0.717,476.8586,0.684,91820,0
0.8253,372.9897,0.7245,74431,0
0.7964,342.5092,0.7517,58433,0
0.7792,446.0291,0.734,94876,0
0.7043,433.525,0.6561,73231,0
0.7375,397.593,0.7196,67526,0
0.7553,431.0919,0.708,83275,0
0.7291,448.0772,0.7613,83832,0
0.7825,443.5395,0.7272,94608,0
0.7368,386.7988,0.7476,63789,0
0.7296,416.3262,0.7185,72468,0
0.8189,435.2836,0.7403,99780,0
0.7079,426.9343,0.7245,71735,0
0.7156,482.4944,0.6879,93632,0
0.706,452.0309,0.6194,79988,0
0.7077,420.7644,0.6321,69644,0
0.7694,407.4169,0.7435,77167,0
0.6763,511.9837,0.7591,94163,0
0.6521,519.4742,0.7529,90117,0
0.8374,349.1059,0.7249,67124,0
0.8131,343.0318,0.7634,61100,0
0.6921,427.3806,0.6016,68712,0
0.721,453.8263,0.74,84080,0
0.7548,404.7765,0.746,73323,0
0.7289,394.5168,0.6561,64938,0
0.8027,437.3727,0.7325,96807,0
0.7168,423.733,0.698,72465,0
0.6827,446.233,0.75,72901,0
0.739,420.9842,0.7488,76016,0
0.7393,424.1167,0.6641,77223,0
0.6847,499.5343,0.7471,91881,0
0.7603,463.6531,0.6919,97595,0
0.7185,392.9788,0.6337,62615,0
0.7548,429.359,0.73,82487,0
0.7944,413.4251,0.7356,84724,0
0.7335,447.4694,0.6789,84614,0
0.7279,490.373,0.6782,100064,0
0.7306,431.6215,0.7052,78111,0
0.6903,456.2841,0.6929,77915,0
0.7074,432.7015,0.7265,73579,0
0.7449,381.4378,0.6728,63404,0
0.7252,504.2377,0.6996,105010,0
0.7662,416.7697,0.7138,80082,0
0.7415,402.1181,0.74,69827,0
0.6999,425.9955,0.7448,69819,0
0.7132,424.9647,0.707,72153,0
0.7293,453.394,0.6992,85873,0
0.8063,347.2939,0.7329,61581,0
0.7208,480.8746,0.7403,94355,0
0.6846,436.7326,0.7108,70219,0
0.7026,464.1115,0.6844,83523,0
0.7689,417.7749,0.7379,81040,0
0.7386,397.2811,0.7418,67627,0
0.7532,461.7105,0.7084,94993,0
0.7751,424.2902,0.7154,84934,0
0.7475,454.0345,0.7561,90475,0
0.7106,432.0858,0.6341,74050,0
0.6847,449.6801,0.586,74445,0
0.7435,409.5075,0.7367,72805,0
0.7073,406.4929,0.7026,64923,0
0.7277,416.5983,0.6359,72184,0
0.7205,430.0888,0.7403,75413,0
0.7629,392.2834,0.6913,70338,0
0.7356,420.7164,0.7465,75230,0
0.7377,491.6414,0.7256,103321,0
0.7178,473.7543,0.6784,90835,0
0.6462,555.9335,0.7449,101360,0
0.7217,386.2994,0.6626,61053,0
0.7484,445.8312,0.7205,87449,0
0.7308,467.9164,0.6447,91840,0
0.7771,380.6954,0.7481,68740,0
0.8184,395.1228,0.7514,82130,0
0.7064,437.4225,0.6202,74982,0
0.7594,427.6768,0.7279,82834,0
0.7327,402.328,0.6496,68252,0
0.7807,391.4556,0.7249,73352,0
0.7185,434.9894,0.661,76714,0
0.7384,441.1105,0.7419,83326,0
0.7528,484.5323,0.7486,104503,0
0.7414,399.7747,0.7028,68996,0
0.7515,415.3611,0.7382,76529,0
0.7153,416.9558,0.7438,69861,0
0.7124,432.0213,0.708,74403,0
0.7688,457.4477,0.6931,97138,0
0.7052,409.3489,0.7458,65452,0
0.7047,452.4235,0.6672,79841,0
0.7195,460.8719,0.6753,86359,0
0.7042,430.852,0.663,72291,0
0.7293,436.601,0.7241,79638,0
0.7797,395.0779,0.7408,74522,0
0.793,374.2791,0.7221,69184,0
0.7633,408.702,0.6947,76432,0
0.8149,434.4499,0.7508,98431,0
0.7445,480.4655,0.6611,100498,0
0.6989,444.2508,0.7332,75719,0
0.7459,426.803,0.7244,79591,0
0.6995,528.8045,0.7814,107476,0
0.7049,472.0627,0.6985,86967,0
0.7554,481.2834,0.7449,103815,0
0.6769,494.9562,0.7726,88160,0
0.7143,501.7031,0.7508,100880,0
0.7177,406.4758,0.7156,66847,0
0.7394,443.1971,0.7031,84336,0
0.7323,411.07,0.6767,71163,0
0.7084,429.1372,0.6623,72584,0
0.7767,414.9502,0.7406,81573,0
0.7529,408.6018,0.7283,74330,0
0.7142,406.9426,0.6305,66347,0
0.777,420.7138,0.7069,83925,0
0.7098,492.3795,0.7661,95944,0
0.75,371.926,0.7224,61105,0
0.7532,416.8193,0.6858,77419,0
0.7018,490.9763,0.6115,93235,0
0.7331,416.9208,0.7332,73366,0
0.7537,426.4425,0.7301,81137,0
0.7257,439.7005,0.6632,79977,0
0.7707,417.3621,0.7325,81254,0
0.7437,433.4101,0.7489,81606,0
0.7179,458.1008,0.7282,84936,0
0.6989,484.9969,0.7395,90230,0
0.7567,431.5197,0.7268,83736,0
0.79,353.6914,0.7085,61319,0
0.7322,434.7952,0.7424,79594,0
0.852,402.6564,0.7606,92432,0
0.738,391.9736,0.7308,65719,0
0.6857,490.8618,0.6398,88973,0
0.7368,396.5851,0.6507,67063,0
0.7553,426.436,0.6644,81467,0
0.6742,488.0854,0.5741,85054,0
0.7234,423.7905,0.7422,73815,0
0.755,377.8254,0.6885,63918,0
0.673,477.919,0.7208,81258,0
0.7928,414.7383,0.7424,84904,0
0.7348,411.5363,0.7521,71821,0
0.7507,405.9594,0.7216,72953,0
0.7755,379.36,0.7494,67977,0
0.6833,466.6015,0.7422,79826,0
0.7162,418.7581,0.623,70646,0
0.7233,442.9678,0.6338,80620,0
0.7142,462.9704,0.6791,85866,0
0.767,400.4821,0.7414,74110,0
0.7298,440.8586,0.7242,81302,0
0.6778,454.2106,0.7084,74432,0
0.7748,380.1906,0.6934,68147,0
0.7456,397.0835,0.6763,68837,0
0.7339,449.1391,0.6867,85336,0
0.6842,468.3376,0.7225,80648,0
0.7681,431.0769,0.6958,86107,0
0.7052,431.6865,0.7589,72792,0
0.7567,387.9749,0.7574,67696,0
0.7333,432.9876,0.6601,79177,0
0.7266,450.2301,0.7403,84062,0
0.7329,441.5246,0.7433,82231,0
0.7383,437.0912,0.7547,81788,0
0.7842,347.6688,0.6966,58377,0
0.7654,429.4275,0.6864,84842,0
0.697,439.4299,0.6823,73684,0
0.7172,427.7689,0.6623,73922,0
0.7243,458.0123,0.651,86441,0
0.7349,435.6902,0.7417,80519,0
0.6928,528.163,0.6106,105143,0
0.7473,419.47,0.7286,77170,0
0.7507,443.5243,0.7462,87064,0
0.7298,469.3404,0.7295,92150,0
0.7121,461.3105,0.7164,84765,0
0.7699,383.4004,0.7659,68434,0
0.7235,439.4104,0.6775,79384,0
0.7405,489.6105,0.6606,103248,0
0.7562,382.8722,0.7283,65832,0
0.674,470.8921,0.5939,79103,0
0.7523,412.8309,0.7467,75758,0
0.7495,443.6813,0.6573,86858,0
0.747,433.2575,0.7277,82271,0
0.7349,472.3136,0.7159,94617,0
0.8474,416.0763,0.719,97634,0
0.7943,399.8224,0.7367,79213,0
0.7579,480.564,0.7349,104191,0
0.7602,398.3945,0.7638,72049,0
0.7444,415.0854,0.6607,74979,0
0.7397,420.2925,0.7132,75917,0
0.7342,444.1066,0.6597,83502,0
0.7462,416.1231,0.6611,75732,0
0.7233,429.0606,0.7445,75637,0
0.7579,396.7388,0.6748,71014,0
0.7306,414.4705,0.6707,72013,0
0.7617,451.4888,0.7236,92886,0
0.6443,496.2107,0.6049,80288,0
0.7272,400.7618,0.7386,66703,0
0.7521,445.9253,0.7489,88345,0
0.7327,452.7063,0.7531,86421,0
0.6828,507.7077,0.6425,94386,0
0.7393,406.6575,0.6687,70981,0
0.6709,459.0467,0.7279,74491,0
0.8029,394.8831,0.7386,78956,0
0.7356,476.5906,0.7335,96523,0
0.7462,407.6927,0.6603,72689,0
0.7865,346.9407,0.706,58486,0
0.7453,488.8553,0.6803,104263,0
0.7077,452.6233,0.6112,80595,0
0.72,431.6153,0.7181,75850,0
0.7182,423.345,0.614,72612,0
0.7761,433.4547,0.7135,88884,0
0.7069,481.0053,0.7519,90812,0
0.7276,410.9877,0.745,70233,0
0.7724,428.2503,0.7242,85924,0
0.7491,485.7136,0.7282,103976,0
0.7827,379.877,0.737,69428,0
0.7588,380.9598,0.7235,65628,0
0.7404,460.4477,0.6609,91283,0
0.7054,433.8194,0.7065,73550,0
0.6807,439.2248,0.7479,70202,0
0.7777,454.1566,0.7418,97967,0
0.7279,432.7258,0.7203,77928,0
0.7435,410.8323,0.77,73284,0
0.6578,475.9479,0.6987,76992,0
0.7411,464.9419,0.7352,93244,0
0.7719,437.4032,0.7446,89531,0
0.7433,459.5174,0.7415,91618,0
0.7533,386.9588,0.7215,66737,0
0.7339,408.8479,0.7514,70719,0
0.7369,445.1947,0.7408,84532,0
0.8084,367.3137,0.7243,69250,0
0.7496,456.1275,0.7361,91825,0
0.7076,433.1016,0.7094,73772,0
0.6744,476.9696,0.7016,81266,0
0.7567,457.4919,0.755,94132,0
0.7741,384.0179,0.6904,69409,0
0.7825,415.7485,0.7302,83120,0
0.8481,383.7482,0.714,83188,0
0.7421,458.939,0.7292,91099,0
0.7087,433.9331,0.6998,74279,0
0.7547,457.1034,0.7231,93470,0
0.7277,407.1968,0.6311,68964,0
0.7597,450.0767,0.6806,91813,0
0.7672,398.219,0.6966,73315,0
0.7508,448.989,0.6593,89246,0
0.6979,487.908,0.7435,91062,0
0.8133,353.0822,0.7447,64769,0
0.7351,413.3278,0.7452,72497,0
0.7211,500.5511,0.6833,102333,0
0.6886,478.3341,0.7173,85214,0
0.7263,459.7797,0.6403,87576,0
0.7131,413.5648,0.6943,68318,0
0.6843,463.2525,0.6223,78931,0
0.7501,469.2128,0.7424,97283,0
0.7351,388.8948,0.6578,64193,0
0.729,427.4256,0.6538,76245,0
0.7526,441.8555,0.7249,86855,0
0.7284,404.7455,0.6462,68258,0
0.7198,452.3843,0.7515,83271,0
0.7013,451.5192,0.7641,78741,0
0.7398,449.8758,0.7099,86993,0
0.7419,372.1563,0.6774,59868,0
0.7498,401.273,0.6622,71097,0
0.7192,421.8169,0.641,72286,0
0.7054,431.6428,0.721,72812,0
0.7554,479.8349,0.6992,103189,0
0.7073,409.1759,0.6096,65787,0
0.827,411.2651,0.7414,90845,0
0.7038,486.9531,0.7164,92261,0
0.74,433.9624,0.7541,80996,0
0.786,387.3048,0.725,72786,0
0.7011,417.9546,0.7312,67440,0
0.7352,452.8571,0.7393,87065,0
0.7317,467.8854,0.6998,92063,0
0.7825,388.2181,0.748,72470,0
0.7691,455.9476,0.7325,96581,0
0.6808,470.9778,0.764,80759,0
0.7536,412.3576,0.7273,75842,0
0.7975,353.404,0.7103,62381,0
0.732,449.3851,0.7041,84979,0
0.701,527.2985,0.7375,107323,0
0.7518,468.6295,0.7307,97497,0
0.7756,470.9968,0.733,104814,0
0.7103,460.5551,0.709,84038,0
0.7508,405.6341,0.6715,72838,0
0.6976,431.344,0.7483,71121,0
0.7751,380.0971,0.7469,68165,0
0.796,388.4408,0.7543,75084,0
0.6908,485.5023,0.5924,88354,0
0.7707,430.6553,0.7453,86511,0
0.7751,424.3553,0.6983,84980,0
0.7813,433.6418,0.7148,90161,0
0.7971,360.9694,0.7476,65024,0
0.709,474.2053,0.6428,88773,0
0.7414,399.2906,0.6886,68837,0
0.7065,478.7776,0.6194,89861,0
0.75,441.4744,0.7164,86097,0
0.7502,414.1834,0.7258,75834,0
0.9049,320.8446,0.6315,66204,0
0.7356,404.4823,0.7609,69537,0
0.7622,394.2224,0.7437,70910,0
0.7247,437.5652,0.6964,78984,0
0.7653,446.3604,0.7352,91652,0
0.7032,439.5387,0.6043,75035,0
0.7192,425.3559,0.6878,73492,0
0.7381,473.2304,0.7077,95827,0
0.763,417.1719,0.7002,79578,0
0.6645,413.3942,0.7395,59260,0
0.68,471.8584,0.593,80861,0
0.7772,447.2711,0.7462,94907,0
0.7337,426.1421,0.7013,76780,0
0.7462,409.1764,0.6861,73218,0
0.7497,449.708,0.738,89286,0
0.7455,443.0986,0.5939,85705,0
0.7028,434.2372,0.7034,73159,0
0.7188,421.9415,0.7431,72238,0
0.7558,374.3887,0.6775,62878,0
0.715,494.1896,0.6248,98057,0
0.7482,411.3549,0.7311,74397,0
0.7163,452.617,0.7268,82560,0
0.6632,478.7956,0.5659,79189,0
0.7414,400.1709,0.7226,69138,0
0.7411,399.6163,0.7173,68894,0
0.7749,387.4363,0.6775,70796,0
0.7311,400.4162,0.6561,67314,0
0.7408,471.2567,0.7269,95732,0
0.7325,393.7618,0.6664,65336,0
0.7291,417.1807,0.6437,72664,0
0.7471,450.5133,0.6984,88983,0
0.7183,422.9586,0.7494,72500,0
0.7481,404.4106,0.6868,71895,0
0.7253,422.3591,0.638,73703,0
0.6518,471.4994,0.6026,74188,0
0.7507,439.0822,0.747,85339,0
0.7172,420.3461,0.7093,71372,0
0.7472,398.9903,0.7461,69799,0
0.7129,418.1591,0.6558,69792,0
0.7844,394.8053,0.7041,75331,0
0.7736,445.3776,0.7635,93246,0
0.7702,477.3815,0.7002,106188,0
0.7181,428.3555,0.7217,74308,0
0.7253,434.8142,0.7077,78124,0
0.7317,400.1476,0.7422,67334,0
0.7067,505.5379,0.7518,100253,0
0.777,462.7132,0.7259,101525,0
0.7804,439.7017,0.7365,92472,0
0.697,427.1444,0.6222,69621,0
0.7183,421.5184,0.7195,72003,0
0.6684,498.7052,0.7379,87277,0
0.7693,422.5292,0.7064,82992,0
0.7597,413.3884,0.7409,77464,0
0.7493,455.9727,0.7416,91673,0
0.7394,447.8378,0.6948,86117,0
0.731,413.6906,0.6674,71826,0
0.737,383.6639,0.6956,62802,0
0.7278,404.6255,0.7065,68106,0
0.684,459.7527,0.6373,77680,0
0.7652,409.9255,0.6973,77279,0
0.7408,400.0745,0.7312,68983,0
0.7853,444.6007,0.7445,95747,0
0.7374,407.9111,0.7294,71069,0
0.7264,419.7658,0.7444,73013,0
0.7282,404.2439,0.6468,68063,0
0.7437,446.9185,0.7299,86775,0
0.7667,406.9421,0.7168,76461,0
0.7168,457.513,0.629,84473,0
0.8009,359.7529,0.7486,65205,0
0.7321,409.978,0.7004,70747,0
0.7176,426.2266,0.6292,73471,0
0.7571,370.2319,0.7008,61712,0
0.6877,469.1301,0.7354,81737,0
0.7005,437.0082,0.6077,73594,0
0.7134,448.2145,0.6593,80305,0
0.7279,447.1615,0.6698,83202,0
0.7187,463.8239,0.6582,87264,0
0.7528,452.3599,0.7281,91078,0
0.7086,437.7566,0.6162,75571,0
0.8356,436.0609,0.7356,104272,0
0.7589,409.0045,0.6585,75675,0
0.7061,470.4667,0.7446,86667,0
0.7128,480.4483,0.6927,92116,0
0.8169,331.6936,0.7224,57665,0
0.7141,477.0608,0.6806,91155,0
0.7009,474.2377,0.6218,86767,0
0.766,432.5198,0.7244,86206,0
0.788,374.2233,0.7648,68297,0
0.7379,426.9829,0.7229,77957,0
0.7839,431.7668,0.7534,89964,0
0.73,433.1935,0.7277,78541,0
0.7366,380.8563,0.7522,61809,0
0.7023,439.7919,0.6145,74924,0
0.7838,361.8204,0.7082,63159,0
0.7062,495.2018,0.7145,96049,0
0.724,467.1314,0.652,89824,0
0.772,360.6506,0.7439,60885,0
0.7435,396.5768,0.7276,68275,0
0.7509,405.1174,0.7188,72689,0
0.7478,465.3052,0.728,95095,0
0.7226,444.9393,0.7148,81198,0
0.7813,366.1481,0.7404,64276,0
0.78,403.2743,0.7397,77715,0
0.7178,414.5252,0.6144,69528,0
0.8077,340.6951,0.7382,59466,0
0.7497,421.6898,0.7335,78502,0
0.6471,483.5875,0.7629,76910,1
0.6175,629.723,0.744,118751,1
0.6533,508.1608,0.7189,86565,1
0.6248,484.9191,0.6187,72106,1
0.6518,509.7207,0.7411,86686,1
0.6216,549.6899,0.7226,91703,1
0.6806,517.7879,0.7294,97531,1
0.6797,463.9883,0.7505,78118,1
0.674,493.0099,0.7274,86731,1
0.6702,544.9057,0.7251,104732,1
0.6673,511.9812,0.65,91678,1
0.6805,482.637,0.7515,84720,1
0.6437,465.1036,0.7506,70395,1
0.6175,521.3143,0.781,81401,1
0.6739,547.3261,0.7254,106858,1
0.6257,533.5277,0.7666,87522,1
0.6195,548.6057,0.7059,90721,1
0.6762,552.5687,0.723,109667,1
0.6487,571.4244,0.7647,107910,1
0.6843,485.8018,0.6916,86793,1
0.631,520.9572,0.7335,84878,1
0.5732,648.4012,0.7492,108497,1
0.6475,488.4605,0.545,78553,1
0.6513,444.9582,0.7702,65952,1
0.5907,543.134,0.7797,80839,1
0.7013,504.1767,0.7522,98203,1
0.6536,492.0282,0.7597,81230,1
0.6745,445.6337,0.7506,70952,1
0.6436,546.8565,0.7456,97302,1
0.7336,420.6346,0.7505,74778,1
0.6174,538.743,0.7215,86887,1
0.7132,439.5001,0.7363,77175,1
0.6799,430.8914,0.7446,67404,1
0.6458,512.3587,0.5494,85990,1
0.6888,447.8655,0.7604,74748,1
0.6971,449.4759,0.7336,77106,1
0.6848,540.7225,0.7457,107678,1
0.7415,473.195,0.7643,96680,1
0.6713,545.2486,0.7217,105209,1
0.619,574.146,0.7429,99190,1
0.6329,557.3061,0.7723,97725,1
0.6761,438.7323,0.7737,69106,1
0.6781,503.7944,0.7627,91674,1
0.7495,415.7299,0.7282,76262,1
0.6887,399.6035,0.7473,59486,1
0.6153,408.7322,0.6499,49673,1
0.6659,526.8432,0.654,96657,1
0.6992,384.6624,0.7395,56819,1
0.7457,416.0386,0.7248,75593,1
0.6252,395.8028,0.645,48098,1
0.6367,442.5379,0.5269,62349,1
0.6834,400.6413,0.649,58876,1
0.672,494.6591,0.6295,86778,1
0.6643,388.9863,0.6538,52447,1
0.7018,372.0836,0.6261,53554,1
0.6928,383.5621,0.7201,55462,1
0.6379,471.63,0.5353,71099,1
0.6161,488.2891,0.5132,71077,1
0.6342,430.2003,0.746,58469,1
0.6377,482.369,0.6886,74319,1
0.6393,491.0461,0.7679,77390,1
0.6462,423.6421,0.5537,58852,1
0.7175,403.4995,0.7102,65824,1
0.7363,364.9163,0.7175,56700,1
0.6241,430.8933,0.6397,56801,1
0.7053,377.8193,0.6657,55763,1
0.6715,457.3227,0.7382,74071,1
0.6434,432.6189,0.7435,60851,1
0.7349,465.0748,0.7515,91744,1
0.7,424.371,0.7359,69300,1
0.6416,457.9863,0.7615,67810,1
0.6308,409.2241,0.6559,52342,1
0.7004,454.0608,0.6566,79427,1
0.6909,385.8759,0.7054,55816,1
0.6306,479.4962,0.6833,71810,1
0.6617,548.9053,0.7831,103614,1
0.6639,398.7896,0.7954,55045,1
0.713,442.4214,0.7405,78143,1
0.7111,383.8019,0.7558,58509,1
0.6639,405.4002,0.7651,56899,1
0.7,409.7334,0.7466,64602,1
0.6721,413.9636,0.7501,60805,1
0.5753,544.9214,0.7768,77194,1
0.671,455.4035,0.7264,73348,1
0.6366,425.6812,0.7376,57677,1
0.7209,468.1915,0.7427,89466,1
0.6602,461.3657,0.7574,72862,1
0.656,543.4908,0.6112,99828,1
0.6587,483.7234,0.7461,79737,1
0.6613,412.5136,0.7257,58442,1
0.7198,418.8909,0.7299,71410,1
0.6063,538.4761,0.7619,83714,1
0.6573,523.6643,0.6613,93057,1
0.6003,567.2408,0.6763,91054,1
0.6814,478.7109,0.7715,83557,1
0.647,528.1439,0.757,91699,1
0.6552,535.843,0.7059,96801,1
0.6571,460.163,0.5987,71802,1
0.6104,501.9077,0.6427,73706,1
0.6083,596.3469,0.6915,103347,1
0.6249,619.1037,0.5828,117550,1
0.7073,447.7541,0.7223,78779,1
0.6796,508.6896,0.5796,93857,1
0.6309,534.3757,0.5226,89270,1
0.619,608.3765,0.6208,111395,1
0.6768,476.392,0.5812,81639,1
0.7159,496.8541,0.6471,99376,1
0.6406,510.4825,0.7495,83981,1
0.6363,398.3902,0.7591,50475,1
0.644,530.5746,0.7461,91684,1
0.7294,356.819,0.6501,53205,1
0.7316,502.2032,0.6635,106008,1
0.6873,488.1864,0.6123,88420,1
0.6737,486.519,0.6865,84373,1
0.6839,496.1649,0.6819,90427,1
0.6589,451.3748,0.6239,69480,1
0.6859,482.8489,0.756,86142,1
0.6724,397.8658,0.5929,56207,1
0.6534,535.9052,0.659,96291,1
0.6568,506.0224,0.6412,86746,1
0.63,518.2639,0.6045,83732,1
0.6726,468.9107,0.756,78119,1
0.6697,530.3301,0.6941,99069,1
0.6625,453.641,0.7559,70932,1
0.6749,587.8352,0.7694,123618,1
0.6544,469.9465,0.7523,74286,1
0.7317,460.6576,0.7332,89233,1
0.6909,464.2944,0.754,80807,1
0.6812,467.0341,0.7499,79494,1
0.6688,415.3024,0.7376,60594,1
0.6767,503.1001,0.7607,91025,1
0.6425,503.9784,0.7501,82345,1
0.5963,526.9045,0.5362,77538,1
0.6823,516.1685,0.7435,97419,1
0.7058,515.5793,0.6669,104017,1
0.7764,429.4243,0.7421,87310,1
0.7138,419.0631,0.6901,70284,1
0.6078,596.0492,0.7239,103085,1
0.6528,571.8699,0.73,109454,1
0.6841,536.2754,0.7333,105708,1
0.6799,425.1754,0.6594,65641,1
0.6742,464.8045,0.7429,77116,1
0.6985,412.1801,0.7054,65098,1
0.6536,515.7186,0.5553,89243,1
0.6373,519.6086,0.7314,86117,1
0.5899,512.1025,0.6389,71665,1
0.7212,392.8086,0.7457,63038,1
0.6851,421.3851,0.7277,65457,1
0.65,536.2348,0.7424,95428,1
0.6934,476.6678,0.7386,85791,1
0.607,509.586,0.6187,75155,1
0.6322,461.8297,0.6702,66954,1
0.6229,543.0948,0.5199,89885,1
0.6719,556.3331,0.7579,109729,1
0.6271,523.4148,0.7652,84606,1
0.6685,526.3997,0.7595,97268,1
0.6229,464.8675,0.5549,65846,1
0.6888,512.0015,0.6428,97672,1
0.6739,538.8849,0.6055,103579,1
0.7431,410.5248,0.749,73090,1
0.6158,515.6061,0.5387,79174,1
0.6323,572.6104,0.744,102952,1
0.6209,480.1733,0.7155,69814,1
0.6894,479.2658,0.7618,85734,1
0.7074,518.0797,0.74,105505,1
0.7095,513.6124,0.7336,104300,1
0.6713,509.9649,0.7526,92034,1
0.6495,543.6489,0.7594,97914,1
0.653,535.8372,0.7532,96171,1
0.6409,488.001,0.7431,76815,1
0.6539,500.2555,0.762,84036,1
0.6933,520.3049,0.7502,102193,1
0.676,497.9698,0.7038,88996,1
0.7046,529.2401,0.7777,109222,1
0.6644,436.801,0.588,66153,1
0.6622,539.9668,0.765,100429,1
0.6675,536.2517,0.7181,100629,1
0.6602,463.0614,0.6879,73411,1
0.6464,465.5208,0.772,71127,1
0.7127,398.502,0.6739,63348,1
0.7812,401.8104,0.73,77381,1
0.6644,514.1696,0.7463,91647,1
0.6818,457.0414,0.7641,76269,1
0.6475,446.2805,0.7247,65584,1
0.6333,511.3022,0.5347,82357,1
0.6888,516.8871,0.7554,99560,1
0.6647,520.3565,0.7405,93970,1
0.6555,541.8463,0.6469,99088,1
0.7301,404.2331,0.735,68402,1
0.6433,497.6262,0.7518,80490,1
0.5996,506.64,0.7564,72478,1
0.615,516.8827,0.5277,79364,1
0.6329,555.2955,0.6919,97013,1
0.6737,503.54,0.7623,90377,1
0.6302,484.0746,0.7691,73092,1
0.6464,561.6831,0.7492,103529,1
0.6091,578.8667,0.737,97634,1
0.6458,477.8444,0.7218,74790,1
0.7281,489.2537,0.7591,99668,1
0.6313,492.2179,0.7435,75833,1
0.6083,526.0404,0.7336,80412,1
0.6771,463.4398,0.664,77335,1
0.6462,575.5842,0.7392,108661,1
0.6547,443.1698,0.7262,66125,1
0.6628,532.3676,0.7546,97790,1
0.6712,531.6863,0.7453,100034,1
0.7307,392.3542,0.7475,64555,1
0.7258,437.6951,0.7652,79254,1
0.6833,456.2619,0.7413,76341,1
0.7074,410.581,0.7326,66259,1
0.6669,564.4796,0.7628,111315,1
0.6154,544.9809,0.7437,88355,1
0.6386,496.1706,0.772,78846,1
0.6916,404.3572,0.7527,61426,1
0.6757,526.9714,0.7443,99590,1
0.6432,527.3789,0.7588,90380,1
0.6499,510.8797,0.7396,86589,1
0.6456,486.9103,0.7299,77612,1
0.6534,590.179,0.728,116794,1
0.7086,505.8694,0.7595,100906,1
0.7052,509.7703,0.6956,101495,1
0.6231,507.0266,0.7595,78395,1
0.6277,545.4812,0.7165,92084,1
0.7174,490.2503,0.7389,97164,1
0.6406,533.0082,0.7338,91553,1
0.6761,556.3199,0.7389,111105,1
0.6746,505.5068,0.7621,91338,1
0.6414,486.2807,0.6498,76413,1
0.6449,494.7682,0.5673,79958,1
0.6229,554.5346,0.7138,93715,1
0.6513,561.8828,0.6026,105193,1
0.6414,564.3474,0.653,102906,1
0.6499,479.584,0.6598,76288,1
0.635,534.1265,0.6669,90343,1
0.6125,592.065,0.7463,103283,1
0.6352,518.8345,0.7113,85316,1
0.6594,507.471,0.6358,87954,1
0.6024,539.6816,0.575,83005,1
0.602,567.604,0.6504,91686,1
0.6515,610.5165,0.5638,124268,1
0.6585,435.8723,0.5648,64712,1
0.6533,439.73,0.7651,64808,1
0.7231,480.4248,0.7352,94786,1
0.6906,406.3739,0.5856,61861,1
0.7093,410.5769,0.7393,66604,1
0.666,524.2809,0.7249,95759,1
0.6961,477.2599,0.7556,86673,1
0.6955,392.7143,0.7706,58589,1
0.6823,523.4122,0.741,100175,1
0.6162,542.5963,0.5834,87789,1
0.6655,431.0951,0.5681,64646,1
0.6637,514.2944,0.7235,91508,1
0.7058,452.8721,0.6762,80252,1
0.6218,586.1193,0.6251,104321,1
0.6096,509.0993,0.6017,75637,1
0.7107,390.4817,0.7304,60485,1
0.6574,531.3221,0.7296,95816,1
0.6768,513.2505,0.6926,94757,1
0.6702,492.793,0.6533,85670,1
0.6521,556.645,0.7218,103495,1
0.7119,452.9165,0.7279,81649,1
0.6599,465.7347,0.6012,74176,1
0.6872,539.751,0.6341,108066,1
0.6909,495.3032,0.7555,91968,1
0.6591,541.6143,0.7624,100094,1
0.6602,557.9613,0.5874,106564,1
0.7037,550.4503,0.6797,117831,1
0.668,512.5838,0.6155,92089,1
0.6181,602.1861,0.7678,108803,1
0.6095,522.0811,0.7428,79521,1
0.6815,517.6441,0.7472,97730,1
0.6939,440.608,0.7199,73423,1
0.6502,474.4372,0.7533,74740,1
0.7087,396.5692,0.7572,62038,1
0.7177,388.2206,0.7369,60974,1
0.6633,529.0016,0.6677,96704,1
0.7006,483.9404,0.6962,90285,1
0.7206,500.8992,0.6334,102314,1
0.6393,469.404,0.649,70729,1
0.6497,506.6272,0.5776,85084,1
0.6771,550.3895,0.6623,109090,1
0.6965,467.799,0.7485,83376,1
0.6149,576.5912,0.5147,98737,1
0.6457,632.2535,0.5472,130913,1
0.6393,549.5187,0.6241,96928,1
0.661,538.2646,0.7733,99431,1
0.6788,574.5991,0.6467,119467,1
0.5868,553.3815,0.4843,82808,1
0.6991,455.1494,0.6643,79511,1
0.6462,438.3785,0.5793,63032,1
0.6517,526.4966,0.7221,92462,1
0.6624,537.8218,0.7169,99673,1
0.6346,588.6804,0.5707,109606,1
0.7207,410.3945,0.7175,68712,1
0.7151,485.911,0.7252,94816,1
0.7166,514.5251,0.7401,106776,1
0.6641,467.766,0.7346,75794,1
0.6198,521.286,0.567,81999,1
0.6409,555.5475,0.6417,99569,1
0.6756,501.3463,0.6802,90106,1
0.6699,503.3502,0.7104,89290,1
0.5988,550.4167,0.7082,85309,1
0.6197,498.9904,0.7028,75097,1
0.5785,534.5789,0.7663,75111,1
0.6742,470.0002,0.7489,78859,1
0.6204,504.4162,0.7498,76925,1
0.6986,448.0012,0.7264,76929,1
0.6696,444.6642,0.713,69631,1
0.7066,440.3788,0.7666,76059,1
0.7386,426.3172,0.6376,77870,1
0.6896,461.976,0.7201,79706,1
0.6084,501.4912,0.735,73119,1
0.6598,457.3907,0.5777,71534,1
0.6665,443.4519,0.7993,68618,1
0.7026,441.6656,0.6244,75632,1
0.6308,532.862,0.6855,88740,1
0.6922,440.3018,0.7042,72953,1
0.6343,596.6997,0.5495,112500,1
0.7107,440.2583,0.6266,76884,1
0.652,551.2398,0.705,101439,1
0.6284,439.8699,0.5494,60017,1
0.6519,581.8831,0.7404,113009,1
0.6562,468.8578,0.6545,74353,1
0.6949,447.6035,0.7079,75988,1
0.6573,468.4928,0.5758,74487,1
0.6439,524.5894,0.5429,89611,1
0.8102,324.0113,0.728,54128,1
0.6836,456.8849,0.6054,76609,1
0.6105,486.9039,0.7132,69402,1
0.6264,591.1305,0.7285,107695,1
0.7326,484.1061,0.7216,98780,1
0.6233,570.9743,0.7098,99461,1
0.6083,502.8962,0.6303,73500,1
0.6893,465.5392,0.6013,80875,1
0.646,597.3815,0.6351,116981,1
0.6441,497.381,0.5815,80595,1
0.7044,510.5933,0.7098,101594,1
0.6397,508.171,0.5678,83000,1
0.7007,552.2882,0.6931,117620,1
0.6606,500.1728,0.6944,85753,1
0.6158,604.7619,0.5168,108918,1
0.6465,482.8894,0.5479,76540,1
0.6009,500.4918,0.7182,71027,1
0.6175,570.1317,0.5043,97349,1
0.6833,471.3155,0.6884,81456,1
0.652,507.4736,0.6853,85993,1
0.682,463.0009,0.6009,78312,1
0.7199,445.9011,0.6574,80935,1
0.6712,547.9812,0.608,106237,1
0.6705,422.1954,0.7552,62931,1
0.7376,510.4317,0.7329,111331,1
0.654,521.4462,0.7225,91349,1
0.6611,565.7508,0.7199,109878,1
0.6626,555.5923,0.7563,106453,1
0.6409,623.0155,0.7464,125214,1
0.6476,511.3968,0.7673,86142,1
0.5981,542.1107,0.5899,82577,1
0.699,469.7542,0.7507,84684,1
0.6291,517.9383,0.6983,83391,1
0.7032,478.8952,0.6136,89066,1
0.664,486.6008,0.7453,82001,1
0.7043,453.9591,0.6955,80286,1
0.6364,584.4799,0.6113,108654,1
0.6623,514.3802,0.7279,91148,1
0.6861,424.5284,0.6208,66634,1
0.6309,561.5072,0.5299,98568,1
0.6534,473.3268,0.5647,75129,1
0.6165,607.8398,0.6267,110306,1
0.6662,441.2244,0.7301,67859,1
0.6278,539.6806,0.7317,90147,1
0.6031,622.8818,0.6615,110838,1
0.641,471.3406,0.6013,71697,1
0.693,402.5578,0.6798,61121,1
0.6158,524.5474,0.6714,81944,1
0.7219,481.6861,0.6499,94973,1
0.6532,570.2571,0.5514,108961,1
0.6532,538.7345,0.5727,97251,1
0.6889,418.4534,0.6369,65272,1
0.6639,524.0433,0.7339,95060,1
0.6884,387.8392,0.7421,55993,1
0.6904,500.6121,0.6154,93812,1
0.669,464.6562,0.7283,75892,1
0.6158,554.9069,0.6373,91716,1
0.6642,514.8821,0.6525,91868,1
0.5805,594.4187,0.8296,93499,1
0.7478,513.1843,0.6812,115667,1
0.656,554.4242,0.5734,103882,1
0.7049,532.7753,0.6934,110771,1
0.6401,584.8026,0.6606,110059,1
0.6302,510.4193,0.7145,81263,1
0.6092,456.6684,0.7144,60793,1
0.6293,529.3832,0.5352,87173,1
0.567,562.2312,0.7719,79829,1
0.64,487.5779,0.5476,76479,1
0.6084,508.7917,0.7205,75248,1
0.6323,513.7139,0.7722,82860,1
0.5996,616.0277,0.7664,107171,1
0.6175,511.837,0.5852,78451,1
0.7018,530.9592,0.7412,109065,1
0.6385,553.2845,0.6855,98009,1
0.6547,523.3963,0.7293,92210,1
0.6608,500.2606,0.7625,85817,1
0.6371,577.2489,0.7379,106232,1
0.6103,585.7404,0.761,100367,1
0.6524,444.7327,0.7649,66110,1
0.6161,548.4048,0.7258,89659,1
0.6591,573.4392,0.732,112187,1
0.684,484.4632,0.7186,86237,1
0.643,625.3347,0.6485,126963,1
0.6874,459.7178,0.7532,78435,1
0.6138,515.0577,0.7561,78509,1
0.6257,547.341,0.7371,92121,1
0.6999,447.3262,0.7281,76996,1
0.6439,486.4784,0.5715,77070,1
0.638,549.6392,0.7379,96569,1
0.719,443.2941,0.7227,79791,1
0.6542,431.4295,0.7593,62573,1
0.6207,616.5789,0.7078,115050,1
0.6933,540.7389,0.7087,110389,1
0.7369,467.0218,0.7055,93023,1
0.6385,545.1407,0.7412,95153,1
0.6431,490.5065,0.5775,78155,1
0.6663,511.1503,0.7589,91103,1
0.641,470.8907,0.6749,71563,1
0.6904,528.9044,0.7559,104737,1
0.5687,507.2473,0.5411,65353,1
0.6963,451.9581,0.6546,77793,1
0.6652,495.0486,0.7037,85170,1
0.636,560.3377,0.7787,99759,1
0.7133,461.0415,0.7437,84942,1
0.6852,498.2845,0.709,91551,1
0.6926,472.5015,0.693,84112,1
0.6416,515.8088,0.7661,86012,1
0.6527,505.5947,0.5758,85518,1
0.6942,452.0297,0.6662,77348,1
0.6616,461.2935,0.7193,73152,1
0.7127,497.7784,0.6412,98841,1
0.6472,534.9315,0.7031,94129,1
0.6963,488.2466,0.7532,90785,1
0.6988,475.6594,0.7379,86784,1
0.5944,576.5156,0.7622,92231,1
0.6352,469.4984,0.6488,69842,1
0.6608,532.3388,0.6797,97198,1
0.6369,521.0012,0.7756,86473,1
0.6157,502.0237,0.6027,75034,1
0.7245,399.9251,0.6776,65939,1
0.7288,441.4321,0.7511,81297,1
0.5918,632.108,0.7529,109914,1
0.6626,476.6276,0.668,78323,1
0.6228,504.8659,0.6936,77642,1
0.6432,574.5287,0.5608,107268,1
0.7066,518.0744,0.672,105261,1
0.6325,548.8803,0.7382,94660,1
0.667,503.7622,0.7137,88674,1
0.6089,531.1216,0.7439,82134,1
0.6405,476.0103,0.7774,73016,1
0.6683,533.6947,0.7708,99902,1
0.6989,460.995,0.6218,81539,1
0.7366,475.1594,0.6683,96210,1
0.6602,532.1005,0.7349,96928,1
0.682,425.7989,0.6324,66226,1
0.6358,525.0428,0.6498,87520,1
0.6028,518.7861,0.7448,76810,1
0.7445,505.2116,0.6893,111119,1
0.6138,553.8155,0.5536,90760,1
0.6632,461.641,0.5834,73608,1
0.6147,536.4235,0.7543,85388,1
0.6994,431.9933,0.7149,71702,1
0.6802,439.3814,0.5952,70157,1
0.6903,529.8369,0.6049,105074,1
0.7001,438.1739,0.644,73914,1
0.6674,482.2321,0.5726,81348,1
0.6954,418.8983,0.6263,66639,1
0.6657,443.5812,0.6133,68482,1
0.6589,492.4993,0.6853,82717,1
0.6613,402.1519,0.6813,55552,1
0.709,431.8798,0.7106,73644,1
0.6664,512.1994,0.5762,91503,1
0.6709,599.4888,0.6363,127033,1
0.6784,518.7468,0.7327,97268,1
0.6368,487.1948,0.7294,75587,1
0.6778,498.7569,0.7109,89747,1
0.6068,578.0798,0.5,96641,1
0.6941,468.6551,0.6863,83117,1
0.6409,485.2478,0.7557,75964,1
0.6153,477.0462,0.7555,67668,1
0.6956,521.4694,0.7457,103343,1
0.6434,603.1666,0.7578,118283,1
0.7034,465.3901,0.6948,84162,1
0.7299,443.5906,0.7438,82338,1
0.6071,567.7221,0.6734,93313,1
0.6441,451.8002,0.6427,66513,1
0.6828,400.6855,0.6104,58795,1
0.6811,497.9628,0.7656,90342,1
0.5921,552.5271,0.7553,84061,1
0.6187,608.6775,0.7477,111384,1
0.6593,547.7943,0.658,102444,1
0.6311,580.7658,0.5651,105517,1
0.6667,586.039,0.7293,119880,1
0.6228,426.3327,0.5626,55373,1
0.6772,437.4935,0.6456,68938,1
0.6301,454.5795,0.625,64436,1
0.6688,411.8432,0.7478,59588,1
0.6292,543.0693,0.7074,91713,1
0.646,485.9798,0.7069,77414,1
0.6838,409.5794,0.7683,61600,1
0.6348,414.4496,0.5557,54359,1
0.6591,379.6055,0.6304,49171,1
0.6594,455.6401,0.615,70907,1
0.6375,484.0649,0.7534,74785,1
0.6792,456.6652,0.7174,75565,1
0.6623,481.827,0.739,79991,1
0.6091,491.476,0.6162,70394,1
0.663,390.5665,0.5732,52657,1
0.6161,479.28,0.5645,68486,1
0.6359,436.8538,0.7678,60608,1
0.6377,499.5734,0.7267,79701,1
0.6883,392.6565,0.5895,57363,1
0.6695,374.1436,0.6458,49273,1
0.6208,504.6827,0.5449,77089,1
0.6142,481.5484,0.7106,68697,1
0.688,359.103,0.7378,47939,1
0.6514,389.9551,0.7727,50670,1
0.5868,492.8912,0.468,65691,1
0.6669,381.4619,0.6649,50822,1
0.6552,395.3346,0.6541,52696,1
0.6386,439.7728,0.6025,61949,1
0.6459,462.9517,0.7334,70215,1
0.6149,437.6153,0.5199,56867,1
0.7122,393.7756,0.7534,61772,1
0.6431,403.8672,0.5427,52975,1
0.6528,498.3869,0.611,83124,1
0.6198,445.4268,0.754,59862,1
0.6457,441.6352,0.556,63870,1
0.7093,396.1922,0.6688,62025,1
0.5704,464.2759,0.6255,55082,1
0.6554,539.5062,0.6873,98208,1
0.6975,437.041,0.6372,72988,1
0.6927,467.5712,0.7259,82396,1
0.6327,444.9763,0.5958,62253,1
0.6911,502.7805,0.7363,94813,1
0.6456,446.9055,0.6307,65376,1
0.7207,466.818,0.67,88896,1
0.6418,428.2693,0.6366,59332,1
0.6398,461.5006,0.7156,68464,1
0.6604,440.6593,0.6136,66512,1
0.6681,439.777,0.739,67803,1
0.6512,516.8949,0.7631,88995,1
0.7407,471.4701,0.6596,95776,1
0.6632,511.9918,0.7297,90540,1
0.5828,505.1026,0.7551,68063,1
0.7032,517.2786,0.7017,103910,1
0.6309,482.6433,0.574,72823,1
0.6441,472.079,0.7005,72604,1
0.6405,640.1907,0.5606,132035,1
0.6728,428.1762,0.5706,65186,1
0.6253,510.0415,0.5671,79880,1
0.6681,517.4738,0.7426,93884,1
0.6588,498.9604,0.6884,84853,1
0.6359,529.4475,0.6661,89020,1
0.6934,502.922,0.6774,95520,1
0.7044,481.5141,0.7093,90363,1
0.661,538.7757,0.564,99598,1
0.7093,425.3803,0.5867,71501,1
0.6495,477.0655,0.5823,75409,1
0.6606,433.7143,0.7422,64470,1
0.7246,432.7612,0.7091,77229,1
0.648,503.2489,0.7124,83532,1
0.6756,500.1757,0.6151,89694,1
0.6726,469.519,0.5744,78337,1
0.6514,468.1412,0.5559,73030,1
0.626,526.4823,0.6733,85317,1
0.689,473.6092,0.6252,83624,1
0.67,535.9902,0.7441,101280,1
0.6012,603.972,0.5145,103569,1
0.6507,484.0156,0.736,77907,1
0.6579,523.4887,0.6126,93169,1
0.6906,487.287,0.5532,88939,1
0.7382,453.9912,0.7232,88217,1
0.5989,526.5944,0.5299,78111,1
0.6023,648.9984,0.5495,120014,1
0.671,505.0861,0.6135,90219,1
0.6351,551.395,0.5223,96325,1
0.689,442.307,0.7237,72949,1
0.6363,551.9162,0.7317,96861,1
0.6599,563.2914,0.5685,108532,1
0.6301,507.3202,0.5333,80264,1
0.7049,442.3018,0.7474,76343,1
0.7291,488.9841,0.7353,99838,1
0.6482,465.5092,0.7474,71508,1
0.6689,425.4593,0.7415,63619,1
0.6512,537.4838,0.7693,96203,1
0.6255,528.0725,0.5137,85686,1
0.6165,589.2495,0.73,103635,1
0.6043,600.1867,0.6208,103314,1
0.664,480.0127,0.7564,79775,1
0.7119,417.3041,0.7499,69320,1
0.6613,485.1506,0.7678,80847,1
0.5972,522.8475,0.7349,76580,1
0.6787,471.066,0.6917,80285,1
0.7116,501.4018,0.7306,99985,1
0.6421,471.2533,0.7586,71920,1
0.6768,427.8378,0.5812,65860,1
0.646,408.2215,0.5563,54627,1
0.6559,505.4461,0.7605,86319,1
0.6427,492.3262,0.541,78642,1
0.5976,529.8497,0.7384,78756,1
0.6586,449.0235,0.7316,68679,1
0.6442,475.6889,0.7054,73759,1
0.674,482.6408,0.6121,83111,1
0.6689,497.3618,0.5985,86915,1
0.6032,583.4231,0.5028,97269,1
0.6345,499.0766,0.5299,78746,1
0.6897,454.2443,0.6784,77078,1
0.6445,528.1585,0.596,91005,1
0.6729,493.8327,0.5793,86724,1
0.7001,472.8842,0.7141,86075,1
0.7922,425.7468,0.7264,89350,1
0.6715,468.5424,0.737,77737,1
0.607,510.5464,0.756,75421,1
0.6851,388.8176,0.5919,55723,1
0.6591,529.7211,0.7282,95735,1
0.6371,542.461,0.6396,93799,1
0.6681,459.8106,0.6102,74118,1
0.6919,423.2074,0.7501,67347,1
0.673,494.134,0.7506,86862,1
0.7121,450.3512,0.6403,80785,1
0.642,526.0294,0.6201,89574,1
0.6748,546.451,0.6527,106782,1
0.6526,548.862,0.5622,100766,1
0.6317,505.6816,0.5845,80145,1
0.6455,473.0905,0.5394,73251,1
0.7077,521.1329,0.6228,106829,1
0.6674,534.7156,0.7503,100038,1
0.581,521.7069,0.6409,72159,1
0.6338,497.2423,0.5182,78000,1
0.6548,545.71,0.6819,100296,1
0.6745,497.4106,0.7275,88396,1
0.6416,495.1221,0.6357,79251,1
0.586,548.9811,0.774,81290,1
0.6689,441.167,0.6141,68397,1
0.6715,437.1626,0.6993,67677,1
0.6605,491.6711,0.6472,82826,1
0.6595,419.6749,0.7678,60160,1
0.6957,484.3529,0.6026,89179,1
0.6763,471.0184,0.778,79688,1
0.6708,495.0332,0.7553,86604,1
0.7262,416.6652,0.7474,71912,1
0.6444,451.8941,0.7522,66596,1
0.6727,457.2672,0.6428,74309,1
0.6273,540.4486,0.6996,90267,1
0.5932,590.3167,0.7637,96304,1
0.7442,424.9388,0.7356,78540,1
0.6397,445.5165,0.7386,63802,1
0.6468,493.7861,0.5677,80113,1
0.6681,471.2584,0.7449,77867,1
0.773,390.181,0.7568,71449,1
0.6806,465.7586,0.7237,78911,1
0.6945,416.8328,0.71,65814,1
0.686,376.8871,0.6335,52493,1
0.6468,442.1465,0.6046,64237,1
0.6718,468.995,0.6795,77965,1
0.6467,470.4345,0.7662,72694,1
0.6151,487.097,0.5361,70510,1
0.6874,468.6029,0.7538,81487,1
0.6583,457.8752,0.6651,71347,1
0.5698,522.2597,0.6917,69545,1
0.6633,487.5829,0.7206,82145,1
0.6603,476.735,0.6058,77829,1
0.7044,459.4482,0.7321,82272,1
0.6627,493.6058,0.59,84041,1
0.7073,473.4731,0.6462,88080,1
0.6085,498.986,0.683,72399,1
0.7321,424.9572,0.7776,76018,1
0.6803,472.8079,0.6503,81267,1
0.7357,399.8253,0.6562,67962,1
0.6139,547.2919,0.5648,88664,1
0.7141,387.2495,0.7147,60061,1
0.6712,506.7023,0.7535,90843,1
0.6782,486.2366,0.5808,85408,1
0.6554,541.0447,0.5824,98745,1
0.6498,463.9353,0.5509,71383,1
0.715,432.5863,0.7541,75133,1
0.6683,467.7719,0.7238,76751,1
0.6578,511.5318,0.6439,88927,1
0.7198,450.3471,0.6348,82527,1
0.7271,482.4249,0.7583,96644,1
0.6913,390.9684,0.743,57366,1
0.7278,373.5688,0.745,58055,1
0.6466,583.4282,0.7328,111788,1
0.7532,411.8512,0.7502,75574,1
0.7149,580.8759,0.6928,135455,1
0.6313,600.6007,0.734,112914,1
0.6568,565.6282,0.5901,108392,1
0.6013,515.5444,0.5924,75486,1
0.6667,404.4373,0.6846,57109,1
0.6724,558.8948,0.741,110913,1
0.6361,545.3045,0.6177,94496,1
0.6546,495.6879,0.5864,82684,1
0.606,482.6876,0.4977,67208,1
0.7057,419.4277,0.7426,68806,1
0.674,517.0826,0.6041,95385,1
0.6903,376.0123,0.6397,52913,1
0.6438,479.1548,0.5504,74733,1
0.6628,438.9866,0.7559,66485,1
0.6079,497.1878,0.6544,71746,1
0.631,441.7311,0.7457,61022,1
0.6288,531.1878,0.569,87631,1
0.6718,448.9109,0.6178,71437,1
0.6212,572.9679,0.7615,99484,1
0.7509,493.671,0.6985,107935,1
0.6961,427.1577,0.6668,69442,1
0.7223,384.2331,0.6585,60501,1
0.6471,471.2562,0.5682,73046,1
0.6738,471.6215,0.5928,79311,1
0.6777,500.1103,0.7219,90209,1
0.6196,491.2674,0.5728,72779,1
0.6653,446.5278,0.7394,69307,1
0.6804,469.6439,0.6866,80188,1
0.6653,475.5418,0.5588,78618,1
0.6449,508.0743,0.5423,84332,1
0.6829,482.7527,0.688,85367,1
0.6107,508.1467,0.6694,75637,1
0.72,367.1459,0.7516,54889,1
0.6127,535.9444,0.7603,84695,1
0.7943,355.2221,0.6475,62519,1
0.7039,424.0555,0.7081,69969,1
0.6522,573.8784,0.5792,110036,1
0.6377,551.1399,0.7314,97019,1
0.6192,621.2633,0.7459,116243,1
0.6778,465.4065,0.7276,78149,1
0.7657,426.6511,0.7688,83828,1
0.6673,482.7031,0.7373,81483,1
0.6972,444.7061,0.7247,75499,1
0.6093,568.2989,0.764,94166,1
0.611,581.9158,0.6584,99273,1
0.681,524.998,0.7399,100403,1
0.6034,545.3389,0.5802,85054,1
0.6104,551.1114,0.5956,88882,1
0.6737,522.3452,0.5905,97268,1
0.6631,479.8009,0.7538,79492,1
0.6464,492.1048,0.7249,79459,1
0.7169,427.8587,0.6395,73884,1
0.6691,498.5954,0.731,87407,1
0.6953,460.8584,0.6596,80651,1
0.63,661.9113,0.5313,136574,1
0.6696,480.8185,0.6746,81422,1
0.6533,458.5958,0.7245,70499,1
0.706,437.3105,0.7247,74859,1
0.6815,445.9191,0.6387,72537,1
0.7072,378.5936,0.6846,56296,1
0.649,553.3534,0.5442,101280,1
0.7219,410.3709,0.5871,68921,1
0.6403,569.722,0.5804,104523,1
0.6782,468.3198,0.6729,79239,1
0.6451,470.2507,0.7245,72278,1
0.617,606.7535,0.6465,110058,1
0.6477,418.9703,0.6186,57840,1
0.6879,511.921,0.6138,97398,1
0.6525,513.8647,0.6897,88290,1
0.684,502.4089,0.6037,92761,1
0.5608,605.5829,0.4695,90597,1
0.6551,444.676,0.6805,66646,1
0.6353,482.3872,0.7688,73763,1
0.6463,508.7883,0.5482,84930,1
0.6781,407.093,0.7447,59856,1
0.6508,451.0275,0.732,67675,1
0.6556,505.2295,0.6453,86180,1
0.6851,500.153,0.6174,92226,1
0.6434,533.8832,0.757,92679,1
0.6945,383.984,0.7272,55848,1
0.7504,499.3648,0.7309,110296,1
0.7028,374.8733,0.7651,54519,1
0.6754,487.6304,0.743,85203,1
0.6213,534.4844,0.755,86598,1
0.6126,564.2072,0.5851,93827,1
0.6278,549.0873,0.7556,93330,1
0.7156,475.7287,0.7586,91020,1
0.6156,525.4994,0.7623,82200,1
0.6673,495.8356,0.7718,85988,1
0.6691,472.7074,0.6593,78565,1
0.6205,532.9415,0.7696,85893,1
0.7077,434.4474,0.7379,74249,1
0.6768,519.9828,0.745,97267,1
0.6289,517.5243,0.7399,83194,1
0.7415,407.5559,0.7385,71719,1
0.6954,535.6968,0.726,109005,1
0.6269,612.3201,0.6971,115744,1
0.6006,620.0968,0.7406,108954,1
0.6013,541.2917,0.7515,83192,1
0.6491,516.8186,0.7137,88385,1
0.7094,461.9137,0.679,84329,1
0.6574,504.1621,0.7287,86279,1
0.7217,429.9836,0.5793,75634,1
0.6352,529.5777,0.6354,88874,1
0.7227,435.5175,0.6352,77802,1
0.7264,473.0509,0.6655,92741,1
0.5794,559.186,0.4822,82455,1
0.6968,405.5403,0.6033,62717,1
0.6654,433.845,0.5797,65453,1
0.6349,506.2746,0.7536,81158,1
0.6404,434.3616,0.5717,60780,1
0.6352,539.7985,0.5455,92335,1
0.6652,534.1621,0.6314,99165,1
0.6335,501.3075,0.5486,79222,1
0.6877,507.0525,0.7463,95502,1
0.706,518.4524,0.6571,105232,1
0.6482,454.3408,0.7174,68120,1
0.6339,559.2086,0.6782,98701,1
0.62,498.474,0.6628,75019,1
0.6604,491.6745,0.7362,82804,1
0.727,424.157,0.6945,74674,1
0.6404,548.9082,0.5465,97037,1
0.671,437.4783,0.5709,67675,1
0.6432,530.1989,0.5783,91350,1
0.6994,416.4739,0.671,66642,1
0.7172,495.6917,0.6966,99270,1
0.6326,480.2578,0.6522,72484,1
0.6535,562.2168,0.5597,106032,1
0.6534,452.9371,0.674,68785,1
0.7087,383.122,0.7792,57894,1
0.6749,412.4361,0.6192,60862,1
0.6635,476.6729,0.5888,78570,1
0.6291,529.3358,0.7429,87082,1
0.6514,473.1751,0.5713,74626,1
0.6442,492.7192,0.5452,79128,1
0.7341,410.8773,0.6622,71463,1
0.737,492.4117,0.7225,103437,1
0.7051,413.9267,0.6249,66894,1
0.6845,540.1562,0.7006,107367,1
0.7224,406.9337,0.6959,67870,1
0.6685,465.7347,0.7452,76132,1
0.7168,456.6034,0.7556,84130,1
0.6681,484.4867,0.7578,82296,1
0.6892,457.1558,0.7354,77975,1
0.6588,478.5349,0.7102,78063,1
0.7411,395.426,0.7241,67440,1
0.6423,541.6973,0.7743,95090,1
0.6632,462.093,0.7517,73755,1
0.7307,472.7226,0.6811,93720,1
0.7268,454.3999,0.7486,85669,1
0.6918,412.399,0.7424,63928,1
0.5797,555.6465,0.7438,81479,1
0.6846,513.9794,0.7582,97248,1
0.6315,527.9617,0.7778,87308,1
0.7502,439.45,0.7643,85361,1
0.6514,502.8338,0.6348,84253,1
0.6095,589.4822,0.5154,101375,1
0.6375,507.8251,0.7343,82318,1
0.7204,421.9056,0.7434,72559,1
0.6313,505.0959,0.7707,79868,1
0.6788,483.3424,0.617,84542,1
0.6303,519.9932,0.6489,84359,1
0.6379,438.3143,0.6271,61409,1
0.6921,392.6507,0.7161,57996,1
0.6434,523.925,0.5421,89236,1
0.6351,507.8643,0.6794,81699,1
0.7385,464.7539,0.7353,92511,1
0.6762,509.9614,0.7422,93398,1
0.6199,524.5961,0.7585,83068,1
0.7029,569.1473,0.6595,125697,1
0.6035,528.9318,0.7732,80021,1
0.6739,510.9152,0.7188,93104,1
0.6118,493.5908,0.6802,71620,1
0.6182,511.3972,0.7696,78504,1
0.6577,446.1656,0.7456,67628,1
0.6501,594.9076,0.7619,117469,1
0.627,543.4178,0.7695,91175,1
0.6688,508.8192,0.7475,90959,1
0.6175,573.2172,0.748,98410,1
0.6856,550.9824,0.7456,112075,1
0.6141,545.023,0.7808,87984,1
0.679,464.0672,0.734,77985,1
0.6927,502.4897,0.7231,95149,1
0.6682,446.3577,0.687,69872,1
0.6996,456.8394,0.7439,80229,1
0.6966,482.075,0.6207,88581,1
0.6549,465.5536,0.5634,73018,1
0.691,464.1034,0.7668,80769,1
0.6285,492.458,0.5295,75239,1
0.7583,432.9209,0.702,84635,1
0.6706,491.5606,0.5997,85346,1
0.6826,508.1957,0.583,94521,1
0.7049,436.8619,0.6396,74469,1
0.6718,471.8917,0.6333,78934,1
0.6794,460.2221,0.6331,76774,1
0.6228,494.4006,0.6424,74462,1
0.7616,378.9867,0.7015,65428,1
0.6858,498.367,0.5971,91752,1
0.7248,408.2745,0.6374,68778,1
0.6128,520.657,0.5136,79951,1
0.6991,435.5519,0.6267,72826,1
0.6564,474.9657,0.5781,76345,1
0.6425,558.5865,0.5509,101155,1
0.6875,516.8344,0.6579,99147,1
0.6649,535.8074,0.5877,99695,1
0.6296,498.061,0.6362,77220,1
0.6842,486.849,0.6038,87144,1
0.7029,474.4727,0.6738,87356,1
0.6667,523.8675,0.6487,95817,1
0.6481,455.0934,0.5434,68320,1
0.703,510.9445,0.7481,101320,1
0.7278,454.044,0.654,85763,1
0.6753,481.4471,0.6418,83008,1
0.7097,473.4125,0.7112,88660,1
0.6295,457.9331,0.7434,65267,1
0.65,473.5977,0.6637,74428,1
0.644,514.0893,0.541,86092,1
0.7019,500.902,0.6068,97073,1
0.692,443.1738,0.6932,73873,1
0.6175,504.107,0.6969,76110,1
0.626,558.417,0.7065,95971,1
0.664,505.928,0.7393,88634,1
0.6803,462.3283,0.6177,77706,1
0.6435,558.9798,0.7451,101632,1
0.6413,545.6095,0.5429,96168,1
0.6931,475.5123,0.6255,85314,1
0.6682,420.2845,0.7521,61934,1
0.6815,424.7019,0.5879,65789,1
0.6644,471.2041,0.7045,76982,1
0.6918,411.8515,0.7264,63752,1
0.6181,496.6674,0.6688,74014,1
0.7944,388.8436,0.7344,74941,1
0.668,560.0814,0.7763,109945,1
0.6127,501.9174,0.6367,74272,1
0.6787,433.4113,0.5658,67958,1
0.6669,428.7935,0.7419,64226,1
0.6613,440.6173,0.725,66684,1
0.7048,518.9068,0.6128,105056,1
0.6667,548.6545,0.5704,105093,1
0.625,528.8235,0.5415,85803,1
0.6562,459.4141,0.6055,71369,1
0.6933,435.6846,0.636,71664,1
0.7264,442.0752,0.7179,81001,1
0.6152,490.0827,0.6089,71387,1
0.7147,432.0275,0.7382,74883,1
0.6794,434.7539,0.6524,68526,1
0.636,527.5077,0.625,88390,1
0.6253,567.0899,0.5283,98748,1
0.7207,431.1936,0.6826,75848,1
0.661,495.973,0.662,84407,1
0.7323,411.6989,0.6977,71379,1
0.7152,519.1311,0.6732,108264,1
0.5805,506.0381,0.7775,67762,1
0.6746,476.0073,0.7225,80991,1
0.6823,447.8136,0.5872,73320,1
0.6465,444.2776,0.5494,64787,1
0.6171,493.4279,0.6136,72824,1
0.7835,365.2963,0.761,64338,1
0.6477,523.8273,0.7403,90412,1
0.5789,535.5717,0.7769,75494,1
0.6661,460.6736,0.718,73944,1
0.6612,486.2447,0.744,81185,1
0.6919,435.476,0.6796,71301,1
0.5948,613.415,0.7624,104566,1
0.6363,520.3164,0.7465,86092,1
0.6789,544.6092,0.6605,107364,1
0.635,454.2594,0.7599,65347,1
0.6627,519.2926,0.7539,93014,1
0.7048,454.5577,0.7411,80622,1
0.6116,503.7119,0.7047,74545,1
0.6767,476.5435,0.6625,81665,1
0.6864,459.2863,0.7145,78058,1
0.614,537.7672,0.7202,85617,1
0.6897,427.9692,0.7506,68421,1
0.6502,476.6759,0.7657,75450,1
0.6443,576.8219,0.7879,108466,1
0.7052,446.6846,0.6823,77930,1
0.7547,461.1654,0.6704,95146,1
0.6547,494.534,0.7607,82337,1
0.7665,407.71,0.6606,76702,1
0.7093,497.9173,0.6282,97966,1
0.6853,448.3368,0.6325,74143,1
0.6538,494.1882,0.6903,81992,1
0.6453,422.4393,0.5808,58368,1
0.645,511.7507,0.5534,85579,1
0.6818,466.8338,0.5904,79573,1
0.6004,485.9494,0.495,66859,1
0.6577,468.2959,0.7072,74494,1
0.6981,444.7661,0.6686,75714,1
0.6443,478.0779,0.5578,74525,1
0.7849,328.2684,0.7282,52143,1
0.6442,481.8891,0.6388,75699,1
0.6989,477.7182,0.6741,87562,1
0.673,412.2161,0.7503,60455,1
0.656,492.3956,0.5814,81937,1
0.6398,472.3027,0.7271,71723,1
0.6638,519.304,0.7532,93323,1
0.6886,442.3627,0.7294,72866,1
0.6724,595.5913,0.6946,125949,1
0.6924,447.4592,0.6225,75382,1
0.6226,488.5854,0.5225,72677,1
0.6725,526.2346,0.5919,98350,1
0.6712,424.347,0.7346,63720,1
0.6699,459.1853,0.5751,74327,1
0.6572,408.9173,0.6937,56718,1
0.644,484.2132,0.7454,76372,1
0.6751,556.8954,0.7671,111027,1
0.6918,453.5943,0.7359,77346,1
0.7389,369.3241,0.6073,58497,1
0.6397,465.1015,0.592,69535,1
0.6675,468.7965,0.5718,76901,1
0.6859,488.2974,0.7295,88112,1
0.7644,383.6983,0.6326,67562,1
0.7361,488.7574,0.7195,101656,1
0.6916,418.8596,0.7636,65917,1
0.7025,470.3927,0.7416,85774,1
0.5894,557.7839,0.6139,84892,1
0.7193,410.4505,0.7246,68462,1
0.6575,518.6496,0.7284,91338,1
0.6904,439.2749,0.7484,72243,1
0.6834,447.9943,0.7485,73613,1
0.5976,523.3349,0.761,76816,1
0.5801,610.3292,0.5594,98464,1
0.6348,504.9143,0.682,80687,1
0.6497,561.8034,0.6268,104650,1
0.7285,416.6535,0.7225,72356,1
0.6524,509.7596,0.5805,86870,1
0.6621,511.863,0.6709,90217,1
0.6014,422.6272,0.7071,50731,1
0.6335,520.3233,0.6995,85325,1
0.6463,540.3674,0.7503,95801,1
0.6579,454.4814,0.5418,70222,1
0.7628,364.0242,0.6819,60553,1
0.6315,483.1775,0.6275,73120,1
0.6236,563.9474,0.6676,97132,1
0.5856,544.3086,0.5424,79793,1
0.6651,448.7094,0.7161,69949,1
0.6533,455.8138,0.7149,69655,1
0.7343,466.4165,0.6931,92115,1
0.6025,593.4557,0.6226,100401,1
0.682,494.6785,0.7454,89388,1
0.7596,400.3075,0.7435,72624,1
0.624,476.6936,0.5233,69490,1
0.6672,457.0433,0.7044,73031,1
0.6286,567.5198,0.613,99963,1
0.6941,404.3081,0.6033,61860,1
0.6851,498.7607,0.7386,91710,1
0.6503,470.4879,0.673,73528,1
0.7097,429.743,0.697,73065,1
0.7051,508.0023,0.674,100776,1
0.6239,518.8682,0.5431,82301,1
0.6732,474.8035,0.6204,80251,1
0.6752,454.4932,0.689,73958,1
0.6506,533.2778,0.5474,94555,1
0.6833,512.6364,0.7325,96357,1
0.679,517.845,0.5879,97110,1
0.6677,428.4965,0.7221,64286,1
0.6786,471.151,0.6921,80283,1
0.7233,439.3614,0.6591,79317,1
0.6698,509.1276,0.5864,91329,1
0.6595,491.9053,0.7433,82647,1
0.6635,464.0992,0.6437,74478,1
0.6235,593.7296,0.7231,107620,1
0.7412,416.7433,0.7518,74928,1
0.6668,538.2711,0.6451,101189,1
0.6314,495.5782,0.5568,76894,1
0.5972,597.0859,0.7824,99873,1
0.6708,539.3526,0.7039,102794,1
0.66,457.3556,0.7329,71556,1
0.6153,528.8171,0.6369,83141,1
0.6172,535.4421,0.7569,85765,1
0.7104,493.2531,0.7293,96442,1
0.6434,540.4469,0.6652,94961,1
0.6865,499.5711,0.5983,92369,1
0.6803,515.7153,0.625,96666,1
0.6763,449.2172,0.7375,72499,1
0.7169,453.027,0.7198,82850,1
0.6193,531.5886,0.5787,85133,1
0.6068,567.3827,0.497,93099,1
0.6743,484.2532,0.6205,83734,1
0.6615,468.6488,0.6286,75492,1
0.7047,459.3747,0.6362,82298,1
0.6546,621.7082,0.5943,130071,1
0.6703,496.9859,0.626,87159,1
0.6826,521.1825,0.6256,99415,1
0.6596,501.7878,0.5978,86036,1
0.6443,454.9478,0.6041,67481,1
0.6828,496.4069,0.749,90221,1
0.6803,567.3528,0.6937,117001,1
0.652,492.1942,0.5862,80881,1
0.5768,581.4884,0.7375,88358,1
0.7196,517.204,0.7385,108795,1
0.6352,528.7804,0.6249,88604,1
0.6851,449.0647,0.7426,74336,1
0.6302,480.4302,0.6388,72007,1
0.6738,444.6687,0.5989,70505,1
0.6395,555.2837,0.6905,99050,1
0.7322,445.1361,0.6568,83422,1
0.6825,470.9768,0.6621,81161,1
0.6471,468.287,0.5432,72124,1
0.6555,462.7871,0.7188,72269,1
0.6476,422.0411,0.6106,58670,1
0.631,548.4586,0.7266,94070,1
0.6508,487.5968,0.7487,79078,1
0.6641,546.3701,0.6259,103396,1
0.6616,538.9553,0.6608,99855,1
0.6732,505.9213,0.568,91096,1
0.7221,388.38,0.7201,61779,1
0.6734,433.0448,0.6877,66784,1
0.6841,442.5842,0.5889,72004,1
0.637,544.9312,0.7635,94624,1
0.6568,528.8004,0.6916,94732,1
0.7083,399.4981,0.7024,62892,1
0.6991,472.952,0.7438,85855,1
0.5871,554.8182,0.7642,83336,1
0.6573,527.5993,0.7139,94469,1
0.7102,478.2473,0.7396,90610,1
0.6393,467.6645,0.7676,70200,1
0.6586,535.2567,0.5693,97605,1
0.6916,486.5606,0.5938,88928,1
0.6527,487.2935,0.7628,79451,1
0.6429,503.653,0.7189,82347,1
0.6804,492.3325,0.6898,88135,1
0.5952,506.3981,0.67,71351,1
0.6107,558.6151,0.5447,91417,1
0.6467,440.0601,0.5636,63612,1
0.5968,441.5838,0.7481,54545,1
0.6025,536.9736,0.5005,82214,1
0.6387,453.8482,0.5421,66001,1
0.6532,570.3362,0.5811,109006,1
0.6653,457.1058,0.6365,72636,1
0.66,525.3441,0.5981,94411,1
0.6986,461.6435,0.7116,81686,1
0.7207,374.3317,0.662,57159,1
0.6766,509.301,0.7502,93261,1
0.6065,553.9015,0.5119,88640,1
0.6956,482.9578,0.6905,88643,1
0.6871,411.4486,0.7002,62772,1
0.652,533.6517,0.7488,95077,1
0.6241,508.749,0.5218,79170,1
0.6982,496.2845,0.7559,94293,1
0.6634,534.7285,0.7383,98845,1
0.6218,515.5391,0.5118,80705,1
0.6741,521.6305,0.5708,97097,1
0.6885,402.442,0.7556,60291,1
0.618,589.7301,0.6574,104308,1
0.6567,493.5614,0.5627,82498,1
0.6514,582.0058,0.5525,112871,1
0.6437,481.2083,0.5907,75362,1
0.6591,510.1316,0.563,88794,1
0.6841,525.8595,0.6435,101629,1
0.7403,512.6119,0.6856,113101,1
0.6759,516.4488,0.6546,95687,1
0.634,480.5314,0.5299,72889,1
0.6565,443.5447,0.7321,66584,1
0.6845,538.0987,0.6282,106538,1
0.7288,394.0979,0.7678,64783,1
0.6721,523.0721,0.5762,97062,1
0.6499,503.6442,0.6913,84152,1
0.6326,495.6296,0.7653,77208,1
0.6106,537.2269,0.7427,84506,1
0.6856,456.6792,0.7472,76991,1
0.7438,533.3902,0.6679,123618,1
0.6601,432.1567,0.6296,63907,1
0.687,443.7518,0.6119,72986,1
0.5673,475.9168,0.6397,57255,1
0.6475,464.4989,0.7628,71038,1
0.7294,493.3281,0.7018,101695,1
0.6693,415.2757,0.7633,60677,1
0.7013,380.5068,0.7305,55926,1
0.6481,497.0192,0.7245,81489,1
0.6805,500.7215,0.7031,91187,1
0.662,503.0661,0.6983,87110,1
0.7051,446.993,0.646,78025,1
0.6776,463.6641,0.6111,77516,1
0.633,490.6169,0.5453,75754,1
0.6477,430.3309,0.6088,61013,1
0.6769,463.2871,0.7088,77244,1
0.7457,385.8303,0.6766,65018,1
0.6753,551.7349,0.7462,109033,1
0.6369,598.6151,0.5451,114177,1
0.705,449.2928,0.6102,78792,1
0.6661,445.9318,0.5618,69304,1
0.6538,466.66,0.6726,73111,1
0.666,461.9574,0.75,74336,1
0.6545,466.2476,0.6226,73128,1
0.6419,488.9031,0.6538,77358,1
0.6811,520.2769,0.5948,98626,1
0.6337,510.9901,0.731,82366,1
0.5871,516.2589,0.5163,72140,1
0.5892,438.2606,0.624,52367,1
0.6792,557.6689,0.5933,112682,1
0.7006,390.8858,0.6204,58896,1
0.7087,404.889,0.6238,64666,1
0.6187,486.4598,0.5851,71141,1
0.7236,363.788,0.6485,54426,1
0.6734,494.4742,0.7051,87088,1
0.64,433.2884,0.6202,60387,1
0.6856,501.5779,0.618,92886,1
0.6376,401.8321,0.7187,51555,1
0.7518,396.6286,0.6693,69836,1
0.7167,456.9323,0.6104,84236,1
0.6782,404.0779,0.7327,58987,1
0.6774,470.3888,0.7175,79755,1
0.5973,533.1513,0.4888,79637,1
0.6433,462.9416,0.6002,69647,1
0.6599,507.22,0.7643,87994,1
0.6359,501.9065,0.7374,80011,1
0.7104,462.8951,0.736,84934,1
